,managed_money_long,managed_money_short,managed_money_net,producer_long,producer_short,producer_net,swap_dealers_net,other_reportables_net
2006-06-13,99739.0,29859.0,69880.0,27041.0,117483.0,-90442.0,-43959.0,29407.0
2006-06-20,91198.0,30082.0,61116.0,29230.0,112900.0,-83670.0,-38601.0,29105.0
2006-06-27,88635.0,31420.0,57215.0,30747.0,110141.0,-79394.0,-36847.0,28409.0
2006-07-04,90104.0,30778.0,61767.0,29615.0,108909.0,-79294.0,-43888.0,32594.0
2006-07-11,101019.0,29135.0,71884.0,34094.0,114612.0,-80518.0,-51529.0,30045.0
2006-07-18,105068.0,25797.0,79271.0,30100.0,115518.0,-85418.0,-54673.0,28103.0
2006-07-25,96891.0,23984.0,72907.0,34473.0,118546.0,-84073.0,-55416.0,28648.0
2006-08-01,95785.0,25176.0,70609.0,29814.0,123870.0,-94056.0,-44377.0,32152.0
2006-08-08,100994.0,26676.0,74318.0,30425.0,129179.0,-98754.0,-43171.0,31780.0
2006-08-15,94115.0,26225.0,67890.0,31132.0,126778.0,-95646.0,-39483.0,32654.0
2006-08-22,87386.0,27081.0,60305.0,32180.0,125829.0,-93649.0,-34424.0,35643.0
2006-08-29,80809.0,31280.0,49529.0,33212.0,123138.0,-89926.0,-27319.0,38187.0
2006-09-05,87652.0,29430.0,58222.0,32468.0,127680.0,-95212.0,-36053.0,40112.0
2006-09-12,76571.0,30631.0,45940.0,35621.0,120300.0,-84679.0,-26016.0,38282.0
2006-09-19,72225.0,30632.0,41593.0,41086.0,119904.0,-78818.0,-23107.0,36275.0
2006-09-26,68325.0,33001.0,35324.0,42960.0,116405.0,-73445.0,-21920.0,35920.0
2006-10-03,66119.0,33666.0,32453.0,46766.0,116196.0,-69430.0,-22564.0,36981.0
2006-10-10,62270.0,39206.0,23064.0,48112.0,114999.0,-66887.0,-15715.0,39385.0
2006-10-17,64602.0,42773.0,21829.0,46758.0,112417.0,-65659.0,-17479.0,39430.0
2006-10-24,54019.0,43840.0,10179.0,50694.0,112215.0,-61521.0,-18988.0,45871.0
2006-10-31,59985.0,39093.0,20892.0,41086.0,109303.0,-68217.0,-23679.0,43824.0
2006-11-07,76134.0,32604.0,43530.0,39160.0,121982.0,-82822.0,-31634.0,37636.0
2006-11-14,79157.0,29403.0,49754.0,45125.0,133631.0,-88506.0,-35015.0,39080.0
2006-11-21,77773.0,29323.0,48450.0,40770.0,127929.0,-87159.0,-31817.0,35843.0
2006-11-28,75457.0,30862.0,44595.0,43198.0,123208.0,-80010.0,-37714.0,35271.0
2006-12-05,80731.0,28684.0,52047.0,34153.0,117141.0,-82988.0,-37180.0,31592.0
2006-12-12,78367.0,28281.0,50086.0,34159.0,119986.0,-85827.0,-30455.0,31743.0
2006-12-19,68672.0,29711.0,38961.0,40007.0,119734.0,-79727.0,-22005.0,30932.0
2006-12-26,69815.0,31696.0,38119.0,40150.0,121029.0,-80879.0,-22189.0,29973.0
2007-01-02,77786.0,30994.0,46792.0,36896.0,122207.0,-85311.0,-27136.0,31091.0
2007-01-09,65657.0,39661.0,25996.0,39737.0,108459.0,-68722.0,-12952.0,26872.0
2007-01-16,68430.0,33371.0,35059.0,44073.0,112691.0,-68618.0,-23491.0,27891.0
2007-01-23,85684.0,27746.0,57938.0,46493.0,127422.0,-80929.0,-37648.0,26563.0
2007-01-30,99352.0,29366.0,69986.0,39261.0,129221.0,-89960.0,-45651.0,30359.0
2007-02-06,109228.0,27766.0,81462.0,35549.0,136981.0,-101432.0,-45232.0,27084.0
2007-02-13,121684.0,24627.0,97057.0,37250.0,147302.0,-110052.0,-55412.0,27693.0
2007-02-20,121632.0,25830.0,95802.0,37677.0,152335.0,-114658.0,-53492.0,34131.0
2007-02-27,135725.0,23488.0,112237.0,40388.0,163533.0,-123145.0,-60605.0,29855.0
2007-03-06,90236.0,21355.0,68881.0,46621.0,144155.0,-97534.0,-39777.0,32817.0
2007-03-13,86278.0,18012.0,68266.0,53743.0,148548.0,-94805.0,-36111.0,28076.0
2007-03-20,84393.0,17292.0,67101.0,43047.0,135054.0,-92007.0,-37887.0,26323.0
2007-03-27,88263.0,19339.0,68924.0,45025.0,134213.0,-89188.0,-49336.0,26199.0
2007-04-03,92087.0,23268.0,68819.0,49115.0,128149.0,-79034.0,-50464.0,25126.0
2007-04-10,106783.0,23048.0,83735.0,45802.0,143994.0,-98192.0,-55012.0,29221.0
2007-04-17,124963.0,18323.0,106640.0,41290.0,150149.0,-108859.0,-65739.0,28718.0
2007-04-24,124958.0,20388.0,104570.0,44175.0,157780.0,-113605.0,-58168.0,29272.0
2007-05-01,122272.0,18137.0,104135.0,44609.0,160018.0,-115409.0,-50744.0,26310.0
2007-05-08,129038.0,14702.0,114336.0,48916.0,164628.0,-115712.0,-56752.0,21950.0
2007-05-15,107716.0,20305.0,87411.0,54004.0,147325.0,-93321.0,-53972.0,26487.0
2007-05-22,95529.0,29281.0,66248.0,61832.0,143540.0,-81708.0,-42508.0,29567.0
2007-05-29,91921.0,28204.0,63717.0,73524.0,150245.0,-76721.0,-41974.0,31180.0
2007-06-05,101257.0,24239.0,77018.0,56262.0,142446.0,-86184.0,-50212.0,30599.0
2007-06-12,80246.0,36872.0,43374.0,74628.0,137153.0,-62525.0,-35480.0,32522.0
2007-06-19,81722.0,31746.0,49976.0,73524.0,136494.0,-62970.0,-46250.0,31629.0
2007-06-26,72368.0,45874.0,26494.0,74252.0,130455.0,-56203.0,-27381.0,36583.0
2007-07-03,69308.0,34443.0,34865.0,60148.0,124137.0,-63989.0,-27243.0,30797.0
2007-07-10,72474.0,33675.0,38799.0,61866.0,129389.0,-67523.0,-35662.0,33421.0
2007-07-17,72985.0,27947.0,45038.0,56310.0,129377.0,-73067.0,-39441.0,34681.0
2007-07-24,114752.0,19037.0,95715.0,48605.0,141842.0,-93237.0,-68365.0,27215.0
2007-07-31,76461.0,21368.0,55093.0,50567.0,121716.0,-71149.0,-41495.0,25796.0
2007-08-07,84522.0,20981.0,63541.0,46992.0,118564.0,-71572.0,-49674.0,25830.0
2007-08-14,77995.0,12117.0,65878.0,47066.0,121483.0,-74417.0,-51477.0,28333.0
2007-08-21,65359.0,22367.0,42992.0,53391.0,108671.0,-55280.0,-36714.0,25938.0
2007-08-28,66292.0,16289.0,50003.0,51644.0,115819.0,-64175.0,-34689.0,27208.0
2007-09-04,85525.0,11759.0,73766.0,45083.0,121543.0,-76460.0,-47894.0,23214.0
2007-09-11,109090.0,8575.0,100515.0,40397.0,142145.0,-101748.0,-59174.0,26154.0
2007-09-18,125440.0,8362.0,117078.0,40128.0,150952.0,-110824.0,-64440.0,24572.0
2007-09-25,153984.0,9943.0,144041.0,48227.0,181245.0,-133018.0,-74994.0,30004.0
2007-10-02,165536.0,13596.0,151940.0,42567.0,185644.0,-143077.0,-68954.0,23955.0
2007-10-09,177069.0,8722.0,168347.0,43529.0,201058.0,-157529.0,-69492.0,22349.0
2007-10-16,191927.0,9649.0,182278.0,44003.0,204248.0,-160245.0,-78851.0,19581.0
2007-10-23,185137.0,12077.0,173060.0,46395.0,198116.0,-151721.0,-71048.0,13244.0
2007-10-30,194052.0,8156.0,185896.0,51880.0,217358.0,-165478.0,-69655.0,12710.0
2007-11-06,198786.0,12371.0,186415.0,58684.0,231953.0,-173269.0,-66740.0,15710.0
2007-11-13,185676.0,10739.0,174937.0,66253.0,235001.0,-168748.0,-57669.0,15848.0
2007-11-20,172412.0,11566.0,160846.0,72081.0,235949.0,-163868.0,-45757.0,11544.0
2007-11-27,163138.0,11283.0,151855.0,93667.0,264869.0,-171202.0,-34122.0,23226.0
2007-12-04,149675.0,5754.0,143921.0,85698.0,252208.0,-166510.0,-38388.0,23603.0
2007-12-11,155465.0,6109.0,149356.0,77948.0,238538.0,-160590.0,-50153.0,22418.0
2007-12-18,155660.0,9422.0,146238.0,77709.0,239026.0,-161317.0,-48290.0,24035.0
2007-12-25,164604.0,8469.0,156135.0,80925.0,250597.0,-169672.0,-51859.0,28240.0
2008-01-01,181902.0,10649.0,171253.0,84248.0,258727.0,-174479.0,-63933.0,28185.0
2008-01-08,191788.0,11019.0,180769.0,78725.0,246814.0,-168089.0,-78601.0,24635.0
2008-01-15,197021.0,11137.0,185884.0,80922.0,253690.0,-172768.0,-78346.0,26163.0
2008-01-22,193039.0,9618.0,183421.0,71229.0,232617.0,-161388.0,-81639.0,21654.0
2008-01-29,191376.0,9652.0,181724.0,77238.0,245905.0,-168667.0,-76334.0,24056.0
2008-02-05,191024.0,9337.0,181687.0,68597.0,223050.0,-154453.0,-87128.0,22055.0
2008-02-12,190428.0,12352.0,178076.0,58819.0,211996.0,-153177.0,-90423.0,28520.0
2008-02-19,200191.0,12457.0,187734.0,60308.0,220971.0,-160663.0,-92077.0,24525.0
2008-02-26,197000.0,10695.0,186305.0,60026.0,219955.0,-159929.0,-92346.0,23058.0
2008-03-04,188294.0,12567.0,175727.0,51882.0,204993.0,-153111.0,-86998.0,20053.0
2008-03-11,186110.0,10395.0,175715.0,44107.0,203350.0,-159243.0,-84015.0,20628.0
2008-03-18,179620.0,11055.0,168565.0,49965.0,217235.0,-167270.0,-71858.0,23444.0
2008-03-25,169444.0,14286.0,155158.0,52158.0,185842.0,-133684.0,-72441.0,20584.0
2008-04-01,146935.0,11584.0,135351.0,54419.0,182555.0,-128136.0,-64932.0,25927.0
2008-04-08,151135.0,15005.0,136130.0,53163.0,183964.0,-130801.0,-63771.0,29263.0
2008-04-15,156260.0,13481.0,142779.0,52420.0,194052.0,-141632.0,-63480.0,29198.0
2008-04-22,157492.0,14400.0,143092.0,57832.0,198587.0,-140755.0,-58844.0,24531.0
2008-04-29,151602.0,19235.0,132367.0,59991.0,191942.0,-131951.0,-53531.0,28281.0
2008-05-06,149175.0,24848.0,124327.0,64631.0,193758.0,-129127.0,-53601.0,31640.0
2008-05-13,150407.0,31816.0,118591.0,64995.0,195323.0,-130328.0,-47269.0,34347.0
2008-05-20,165800.0,18529.0,147271.0,55186.0,206645.0,-151459.0,-63722.0,34848.0
2008-05-27,166394.0,20722.0,145672.0,49833.0,199202.0,-149369.0,-68916.0,45840.0
2008-06-03,155935.0,22278.0,133657.0,50033.0,190356.0,-140323.0,-61848.0,36554.0
2008-06-10,144056.0,29172.0,114884.0,46137.0,172005.0,-125868.0,-57213.0,36364.0
2008-06-17,137007.0,19823.0,117184.0,49329.0,169853.0,-120524.0,-62916.0,34006.0
2008-06-24,143673.0,23409.0,120264.0,47120.0,164205.0,-117085.0,-69671.0,33274.0
2008-07-01,173983.0,17352.0,156631.0,47593.0,183262.0,-135669.0,-91358.0,31048.0
2008-07-08,174230.0,17127.0,157103.0,54563.0,193023.0,-138460.0,-90200.0,32499.0
2008-07-15,184704.0,15798.0,168906.0,67361.0,225726.0,-158365.0,-88212.0,33877.0
2008-07-22,177227.0,14225.0,163002.0,66618.0,223432.0,-156814.0,-80247.0,31651.0
2008-07-29,158000.0,14757.0,143243.0,73864.0,209685.0,-135821.0,-83850.0,39076.0
2008-08-05,142508.0,13682.0,128826.0,59111.0,181180.0,-122069.0,-76848.0,34902.0
2008-08-12,105895.0,16226.0,89669.0,58796.0,138227.0,-79431.0,-76382.0,40991.0
2008-08-19,94403.0,20486.0,73917.0,74464.0,137620.0,-63156.0,-66998.0,38449.0
2008-08-26,96269.0,29048.0,67221.0,83377.0,134486.0,-51109.0,-70810.0,38058.0
2008-09-02,89713.0,36022.0,53691.0,89492.0,132482.0,-42990.0,-65041.0,39500.0
2008-09-09,85376.0,41009.0,44367.0,95866.0,133259.0,-37393.0,-56591.0,38288.0
2008-09-16,89779.0,43587.0,46192.0,95621.0,123007.0,-27386.0,-75636.0,44099.0
2008-09-23,96573.0,23508.0,73065.0,67824.0,134539.0,-66715.0,-74561.0,47951.0
2008-09-30,88674.0,13550.0,75124.0,59126.0,132007.0,-72881.0,-67957.0,42662.0
2008-10-07,87411.0,17386.0,70025.0,53389.0,124075.0,-70686.0,-60621.0,41588.0
2008-10-14,84083.0,14296.0,69787.0,44649.0,118509.0,-73860.0,-51883.0,37038.0
2008-10-21,74401.0,18759.0,55642.0,48637.0,114637.0,-66000.0,-42793.0,43560.0
2008-10-28,69214.0,23048.0,46166.0,56038.0,107142.0,-51104.0,-33972.0,32149.0
2008-11-04,71373.0,25156.0,46217.0,46820.0,91693.0,-44873.0,-31533.0,21978.0
2008-11-11,65794.0,28922.0,36872.0,46095.0,95326.0,-49231.0,-20265.0,27087.0
2008-11-18,62986.0,23776.0,39210.0,49789.0,102803.0,-53014.0,-18102.0,25619.0
2008-11-25,73051.0,15312.0,57739.0,45465.0,125566.0,-80101.0,-13134.0,24133.0
2008-12-02,69409.0,8657.0,60752.0,40510.0,123721.0,-83211.0,-11077.0,23617.0
2008-12-09,69760.0,11925.0,57835.0,42060.0,122729.0,-80669.0,-14203.0,25320.0
2008-12-16,85191.0,11859.0,73332.0,41680.0,138953.0,-97273.0,-25838.0,34917.0
2008-12-23,94571.0,6768.0,87803.0,42216.0,142335.0,-100119.0,-32678.0,31985.0
2008-12-30,99432.0,7545.0,91887.0,39773.0,148893.0,-109120.0,-33653.0,34074.0
2009-01-06,104828.0,6338.0,98490.0,41419.0,160630.0,-119211.0,-30271.0,35114.0
2009-01-13,96909.0,6889.0,90020.0,44622.0,162290.0,-117668.0,-23895.0,37598.0
2009-01-20,101220.0,8898.0,92322.0,50884.0,168082.0,-117198.0,-21733.0,31615.0
2009-01-27,118261.0,12696.0,105565.0,54060.0,189353.0,-135293.0,-23083.0,35549.0
2009-02-03,130230.0,12946.0,117284.0,49115.0,196357.0,-147242.0,-30347.0,38022.0
2009-02-10,135286.0,12626.0,122660.0,47975.0,204778.0,-156803.0,-31909.0,40962.0
2009-02-17,137668.0,14501.0,123167.0,45457.0,207757.0,-162300.0,-34060.0,42754.0
2009-02-24,142009.0,11416.0,130593.0,43925.0,206586.0,-162661.0,-28275.0,31272.0
2009-03-03,142338.0,7446.0,134892.0,42133.0,205790.0,-163657.0,-24744.0,24401.0
2009-03-10,136814.0,8042.0,128772.0,46038.0,202008.0,-155970.0,-16881.0,16016.0
2009-03-17,134182.0,6202.0,127980.0,64072.0,214632.0,-150560.0,-25124.0,22415.0
2009-03-24,134155.0,8485.0,125670.0,76736.0,227236.0,-150500.0,-30789.0,26257.0
2009-03-31,138279.0,7794.0,130485.0,63616.0,209462.0,-145846.0,-36080.0,24374.0
2009-04-07,126084.0,14927.0,111157.0,51487.0,172719.0,-121232.0,-31991.0,16655.0
2009-04-14,125729.0,13705.0,112024.0,44867.0,163178.0,-118311.0,-35198.0,17871.0
2009-04-21,123645.0,12331.0,111314.0,46132.0,161420.0,-115288.0,-34320.0,17053.0
2009-04-28,123760.0,15478.0,108282.0,43248.0,163700.0,-120452.0,-32967.0,20818.0
2009-05-05,126846.0,12219.0,114627.0,35070.0,160800.0,-125730.0,-34715.0,15364.0
2009-05-12,136934.0,12773.0,124161.0,36463.0,171845.0,-135382.0,-35798.0,14716.0
2009-05-19,140605.0,13146.0,127459.0,39456.0,185443.0,-145987.0,-37078.0,22125.0
2009-05-26,155440.0,12542.0,142898.0,35275.0,200904.0,-165629.0,-42507.0,34410.0
2009-06-02,162201.0,9047.0,153154.0,37314.0,217115.0,-179801.0,-46720.0,34186.0
2009-06-09,166473.0,5836.0,160637.0,33928.0,211612.0,-177684.0,-47363.0,29037.0
2009-06-16,153484.0,6654.0,146830.0,34351.0,201391.0,-167040.0,-40328.0,28713.0
2009-06-23,149419.0,10207.0,139212.0,33442.0,193081.0,-159639.0,-34791.0,27082.0
2009-06-30,147628.0,10141.0,137487.0,35013.0,198856.0,-163843.0,-33975.0,26699.0
2009-07-07,144471.0,5708.0,138763.0,35998.0,198152.0,-162154.0,-29153.0,25381.0
2009-07-14,140260.0,8088.0,132172.0,33427.0,184042.0,-150615.0,-31672.0,26632.0
2009-07-21,158071.0,7736.0,150335.0,34947.0,189716.0,-154769.0,-49457.0,22967.0
2009-07-28,154908.0,7570.0,147338.0,38357.0,192360.0,-154003.0,-48518.0,25433.0
2009-08-04,174707.0,7021.0,167686.0,35888.0,197225.0,-161337.0,-66856.0,25828.0
2009-08-11,167169.0,7234.0,159935.0,33969.0,194453.0,-160484.0,-62421.0,30151.0
2009-08-18,153525.0,12039.0,141486.0,35030.0,181702.0,-146672.0,-57873.0,36044.0
2009-08-25,156834.0,7238.0,149596.0,34032.0,186242.0,-152210.0,-59132.0,33386.0
2009-09-01,157220.0,7182.0,150038.0,34229.0,171642.0,-137413.0,-79295.0,34463.0
2009-09-08,194723.0,7174.0,187549.0,35941.0,225602.0,-189661.0,-81136.0,37127.0
2009-09-15,207387.0,5527.0,201860.0,35158.0,227069.0,-191911.0,-92750.0,33787.0
2009-09-22,208236.0,5170.0,203066.0,34672.0,223434.0,-188762.0,-98848.0,33683.0
2009-09-29,198175.0,3726.0,194449.0,40629.0,223576.0,-182947.0,-92287.0,36937.0
2009-10-06,215753.0,6378.0,209375.0,35439.0,223592.0,-188153.0,-93711.0,30293.0
2009-10-13,232086.0,5232.0,226854.0,36541.0,237816.0,-201275.0,-94651.0,27101.0
2009-10-20,233990.0,6715.0,227275.0,36742.0,236996.0,-200254.0,-97239.0,22832.0
2009-10-27,217920.0,7549.0,210371.0,36640.0,225639.0,-188999.0,-94480.0,31406.0
2009-11-03,227499.0,9278.0,218221.0,36678.0,229511.0,-192833.0,-91019.0,23098.0
2009-11-10,223460.0,8495.0,214965.0,37063.0,230201.0,-193138.0,-89646.0,23095.0
2009-11-17,222637.0,8401.0,214236.0,37355.0,231739.0,-194384.0,-87162.0,21461.0
2009-11-24,225366.0,3589.0,221777.0,38162.0,241240.0,-203078.0,-103026.0,40554.0
2009-12-01,224030.0,6874.0,217156.0,41154.0,232019.0,-190865.0,-117366.0,41908.0
2009-12-08,213164.0,5353.0,207811.0,36817.0,229114.0,-192297.0,-106889.0,46618.0
2009-12-15,212517.0,4429.0,208088.0,37536.0,233192.0,-195656.0,-108135.0,48020.0
2009-12-22,206996.0,4813.0,202183.0,39181.0,230615.0,-191434.0,-94231.0,35893.0
2009-12-29,201751.0,5926.0,195825.0,41013.0,226658.0,-185645.0,-93297.0,34665.0
2010-01-05,198506.0,6907.0,191599.0,40511.0,227533.0,-187022.0,-91529.0,36168.0
2010-01-12,202180.0,11137.0,191043.0,40771.0,237041.0,-196270.0,-86218.0,38299.0
2010-01-19,200320.0,7695.0,192625.0,43562.0,234633.0,-191071.0,-82576.0,28844.0
2010-01-26,182133.0,7766.0,174367.0,42580.0,215889.0,-173309.0,-75309.0,37557.0
2010-02-02,187024.0,8423.0,178601.0,36275.0,199560.0,-163285.0,-81294.0,31568.0
2010-02-09,166132.0,13404.0,152728.0,39206.0,186145.0,-146939.0,-66488.0,28791.0
2010-02-16,167613.0,10459.0,157154.0,39006.0,176708.0,-137702.0,-82176.0,31704.0
2010-02-23,171565.0,6909.0,164656.0,33555.0,188865.0,-155310.0,-82734.0,35966.0
2010-03-02,182360.0,5689.0,176671.0,33337.0,194206.0,-160869.0,-90668.0,30701.0
2010-03-09,179078.0,4670.0,174408.0,39179.0,198734.0,-159555.0,-92232.0,33786.0
2010-03-16,176715.0,6438.0,170277.0,48383.0,194109.0,-145726.0,-96569.0,30069.0
2010-03-23,162654.0,8962.0,153692.0,57625.0,191137.0,-133512.0,-90311.0,30180.0
2010-03-30,155355.0,8135.0,147220.0,62006.0,189646.0,-127640.0,-80051.0,26546.0
2010-04-06,181635.0,6500.0,175135.0,51492.0,205216.0,-153724.0,-91182.0,28311.0
2010-04-13,200201.0,3506.0,196695.0,51345.0,223301.0,-171956.0,-91528.0,24047.0
2010-04-20,199008.0,6768.0,192240.0,52092.0,227044.0,-174952.0,-82444.0,18411.0
2010-04-27,210203.0,4760.0,205443.0,53932.0,230598.0,-176666.0,-88856.0,20225.0
2010-05-04,217433.0,9645.0,207788.0,54736.0,242652.0,-187916.0,-83670.0,22759.0
2010-05-11,224664.0,7134.0,217530.0,55366.0,272119.0,-216753.0,-65891.0,18295.0
2010-05-18,226337.0,6542.0,219795.0,53535.0,272632.0,-219097.0,-60647.0,11875.0
2010-05-25,212919.0,7703.0,205216.0,57469.0,266645.0,-209176.0,-59203.0,22475.0
2010-06-01,210717.0,4459.0,206258.0,58949.0,269626.0,-210677.0,-56946.0,18288.0
2010-06-08,215177.0,5161.0,210016.0,62913.0,279284.0,-216371.0,-57206.0,17382.0
2010-06-15,215511.0,4021.0,211490.0,61991.0,282292.0,-220301.0,-58643.0,18761.0
2010-06-22,223219.0,4354.0,218865.0,66644.0,289653.0,-223009.0,-65907.0,19769.0
2010-06-29,219365.0,4903.0,214462.0,68538.0,276753.0,-208215.0,-81741.0,30263.0
2010-07-06,193032.0,11299.0,181733.0,77071.0,257312.0,-180241.0,-68901.0,27309.0
2010-07-13,188892.0,8138.0,180754.0,74126.0,254873.0,-180747.0,-67601.0,24167.0
2010-07-20,169169.0,20798.0,148371.0,94437.0,249069.0,-154632.0,-61032.0,29936.0
2010-07-27,167161.0,14269.0,152892.0,77122.0,243301.0,-166179.0,-61376.0,36009.0
2010-08-03,167800.0,11435.0,156365.0,69440.0,223867.0,-154427.0,-67602.0,29150.0
2010-08-10,167837.0,9244.0,158593.0,65111.0,222710.0,-157599.0,-73381.0,32094.0
2010-08-17,182555.0,5336.0,177219.0,62060.0,230214.0,-168154.0,-81416.0,27009.0
2010-08-24,201864.0,5780.0,196084.0,61661.0,238173.0,-176512.0,-87788.0,25107.0
2010-08-31,215631.0,6431.0,209200.0,61309.0,246193.0,-184884.0,-99677.0,28877.0
2010-09-07,217437.0,6410.0,211027.0,62019.0,249144.0,-187125.0,-100555.0,28670.0
2010-09-14,225821.0,7571.0,218250.0,63662.0,249317.0,-185655.0,-107284.0,26011.0
2010-09-21,219781.0,5982.0,213799.0,61264.0,245558.0,-184294.0,-108014.0,30214.0
2010-09-28,231457.0,7049.0,224408.0,64254.0,254438.0,-190184.0,-112556.0,33241.0
2010-10-05,227061.0,8345.0,218716.0,62166.0,251555.0,-189389.0,-110109.0,40904.0
2010-10-12,233925.0,9966.0,223959.0,63352.0,253865.0,-190513.0,-109509.0,31915.0
2010-10-19,220360.0,11613.0,208747.0,60869.0,251520.0,-190651.0,-102431.0,41005.0
2010-10-26,209780.0,11743.0,198037.0,57351.0,241996.0,-184645.0,-97790.0,41049.0
2010-11-02,211627.0,16033.0,195594.0,64004.0,248982.0,-184978.0,-91634.0,34634.0
2010-11-09,208053.0,19379.0,188674.0,63279.0,259501.0,-196222.0,-94731.0,57505.0
2010-11-16,183835.0,17233.0,166602.0,72080.0,241271.0,-169191.0,-95717.0,51877.0
2010-11-23,185172.0,15166.0,170006.0,73229.0,244657.0,-171428.0,-92465.0,51323.0
2010-11-30,187247.0,11873.0,175374.0,70724.0,238714.0,-167990.0,-102479.0,52233.0
2010-12-07,190212.0,10455.0,179757.0,67722.0,245522.0,-177800.0,-100873.0,52994.0
2010-12-14,180601.0,11976.0,168625.0,70601.0,237163.0,-166562.0,-101573.0,51570.0
2010-12-21,172385.0,14735.0,157650.0,75999.0,230824.0,-154825.0,-96983.0,48774.0
2010-12-28,180866.0,12952.0,167914.0,75043.0,232924.0,-157881.0,-101889.0,47874.0
2011-01-04,172298.0,16163.0,156135.0,77312.0,238426.0,-161114.0,-93468.0,46183.0
2011-01-11,160750.0,21194.0,139556.0,82648.0,232082.0,-149434.0,-75630.0,37816.0
2011-01-18,159114.0,25874.0,133240.0,84503.0,217764.0,-133261.0,-73210.0,31753.0
2011-01-25,160562.0,22345.0,138217.0,65401.0,192983.0,-127582.0,-69901.0,22372.0
2011-02-01,145530.0,21797.0,123733.0,58405.0,179393.0,-120988.0,-72209.0,27461.0
2011-02-08,159732.0,18223.0,141509.0,56819.0,180532.0,-123713.0,-86198.0,25584.0
2011-02-15,166406.0,12172.0,154234.0,57109.0,183366.0,-126257.0,-92369.0,18610.0
2011-02-22,185082.0,16633.0,168449.0,56286.0,190810.0,-134524.0,-97282.0,11975.0
2011-03-01,199371.0,10555.0,188816.0,56252.0,197958.0,-141706.0,-108890.0,8437.0
2011-03-08,197377.0,8757.0,188620.0,57023.0,203437.0,-146414.0,-101050.0,2320.0
2011-03-15,187986.0,11748.0,176238.0,63914.0,200540.0,-136626.0,-83528.0,-1667.0
2011-03-22,183912.0,5037.0,178875.0,60835.0,202740.0,-141905.0,-82894.0,-4038.0
2011-03-29,196020.0,4603.0,191417.0,68129.0,223141.0,-155012.0,-85757.0,1704.0
2011-04-05,213018.0,6324.0,206694.0,67043.0,225667.0,-158624.0,-100041.0,-1988.0
2011-04-12,208714.0,6810.0,201904.0,67726.0,229536.0,-161810.0,-91878.0,-159.0
2011-04-19,216243.0,4506.0,211737.0,64845.0,237148.0,-172303.0,-94245.0,3189.0
2011-04-26,207496.0,5079.0,202417.0,66717.0,227756.0,-161039.0,-87955.0,-1151.0
2011-05-03,203624.0,10746.0,192878.0,58271.0,220564.0,-162293.0,-77809.0,-222.0
2011-05-10,191435.0,10461.0,180974.0,63407.0,223300.0,-159893.0,-61688.0,-4635.0
2011-05-17,181722.0,7934.0,173788.0,69957.0,222215.0,-152258.0,-54691.0,-9185.0
2011-05-24,191481.0,14589.0,176892.0,74501.0,234288.0,-159787.0,-57450.0,-4498.0
2011-05-31,197416.0,10101.0,187315.0,69831.0,242422.0,-172591.0,-67917.0,4459.0
2011-06-07,203518.0,7648.0,195870.0,63831.0,241565.0,-177734.0,-69950.0,2838.0
2011-06-14,197429.0,9643.0,187786.0,65793.0,236983.0,-171190.0,-66239.0,3909.0
2011-06-21,213479.0,7220.0,206259.0,67326.0,246313.0,-178987.0,-72260.0,-3032.0
2011-06-28,178804.0,9233.0,169571.0,71857.0,224246.0,-152389.0,-56366.0,-3669.0
2011-07-05,173769.0,8346.0,165423.0,72293.0,217916.0,-145623.0,-56379.0,-7648.0
2011-07-12,208383.0,9278.0,199105.0,67907.0,238727.0,-170820.0,-73429.0,-1508.0
2011-07-19,220116.0,9827.0,210289.0,68996.0,245575.0,-176579.0,-87235.0,9008.0
2011-07-26,221551.0,8050.0,213501.0,68546.0,269102.0,-200556.0,-82417.0,22116.0
2011-08-02,237847.0,9023.0,228824.0,71500.0,267440.0,-195940.0,-91694.0,18351.0
2011-08-09,201303.0,9893.0,191410.0,77275.0,263118.0,-185843.0,-63363.0,12163.0
2011-08-16,213261.0,13386.0,199875.0,79163.0,267985.0,-188822.0,-60025.0,211.0
2011-08-23,202430.0,10108.0,192322.0,88843.0,275923.0,-187080.0,-43356.0,-4641.0
2011-08-30,189799.0,6727.0,183072.0,94120.0,282732.0,-188612.0,-28743.0,-6125.0
2011-09-06,195197.0,7002.0,188195.0,90283.0,290583.0,-200300.0,-27414.0,-3824.0
2011-09-13,182461.0,6192.0,176269.0,93436.0,278050.0,-184614.0,-25854.0,-7422.0
2011-09-20,159718.0,8293.0,151425.0,96243.0,278187.0,-181944.0,-15684.0,-896.0
2011-09-27,136103.0,13628.0,122475.0,101853.0,264266.0,-162413.0,-4270.0,5326.0
2011-10-04,133320.0,12631.0,120689.0,94415.0,261028.0,-166613.0,1862.0,12467.0
2011-10-11,134111.0,12090.0,122021.0,92505.0,263237.0,-170732.0,2254.0,12481.0
2011-10-18,132678.0,14779.0,117899.0,94982.0,262866.0,-167884.0,8731.0,9079.0
2011-10-25,141961.0,15391.0,126570.0,91090.0,265927.0,-174837.0,6723.0,3151.0
2011-11-01,144879.0,11868.0,133011.0,88995.0,269063.0,-180068.0,-2332.0,6934.0
2011-11-08,155632.0,9577.0,146055.0,85134.0,273627.0,-188493.0,-8442.0,9652.0
2011-11-15,159850.0,8940.0,150910.0,87774.0,275813.0,-188039.0,-16124.0,8304.0
2011-11-22,146180.0,8498.0,137682.0,98776.0,263309.0,-164533.0,-27880.0,23288.0
2011-11-29,141009.0,7215.0,133794.0,88104.0,256033.0,-167929.0,-25616.0,20999.0
2011-12-06,146486.0,8794.0,137692.0,78704.0,256384.0,-177680.0,-23820.0,22019.0
2011-12-13,137811.0,10674.0,127137.0,83774.0,255642.0,-171868.0,-14349.0,23366.0
2011-12-20,124617.0,13147.0,111470.0,85338.0,242705.0,-157367.0,-7187.0,22466.0
2011-12-27,120594.0,14551.0,106043.0,86324.0,241508.0,-155184.0,-8748.0,24745.0
2012-01-03,121961.0,17399.0,104562.0,86576.0,238940.0,-152364.0,-9479.0,26409.0
2012-01-10,118994.0,15014.0,103980.0,88406.0,239346.0,-150940.0,-15634.0,28780.0
2012-01-17,120582.0,11927.0,108655.0,89853.0,255762.0,-165909.0,-7067.0,27374.0
2012-01-24,127512.0,10356.0,117156.0,85155.0,256803.0,-171648.0,-8120.0,25067.0
2012-01-31,149921.0,5973.0,143948.0,83849.0,264347.0,-180498.0,-29364.0,27411.0
2012-02-07,161575.0,5966.0,155609.0,79733.0,268892.0,-189159.0,-31913.0,21898.0
2012-02-14,156994.0,8005.0,148989.0,79725.0,260523.0,-180798.0,-28610.0,18431.0
2012-02-21,169144.0,8850.0,160294.0,79452.0,272935.0,-193483.0,-35819.0,20667.0
2012-02-28,184843.0,7700.0,177143.0,78899.0,280680.0,-201781.0,-43570.0,16077.0
2012-03-06,153286.0,11445.0,141841.0,81877.0,250981.0,-169104.0,-31104.0,21424.0
2012-03-13,146286.0,12668.0,133618.0,81152.0,247753.0,-166601.0,-25087.0,17288.0
2012-03-20,129938.0,16840.0,113098.0,85230.0,236802.0,-151572.0,-14566.0,18365.0
2012-03-27,136546.0,12463.0,124083.0,76535.0,235618.0,-159083.0,-25993.0,23738.0
2012-04-03,126887.0,13847.0,113040.0,79367.0,229690.0,-150323.0,-27141.0,28725.0
2012-04-10,119710.0,15480.0,104230.0,78673.0,221202.0,-142529.0,-28520.0,32423.0
2012-04-17,117770.0,10194.0,107576.0,75591.0,224882.0,-149291.0,-26800.0,34429.0
2012-04-24,115706.0,12356.0,103350.0,78916.0,219917.0,-141001.0,-26236.0,31644.0
2012-05-01,119865.0,9809.0,110056.0,79198.0,228645.0,-149447.0,-28556.0,30337.0
2012-05-08,113307.0,22935.0,90372.0,82697.0,216394.0,-133697.0,-17758.0,32931.0
2012-05-15,112920.0,32822.0,80098.0,81982.0,212571.0,-130589.0,-8328.0,34044.0
2012-05-22,113453.0,38808.0,74645.0,93201.0,228881.0,-135680.0,82.0,40506.0
2012-05-29,113383.0,40857.0,72526.0,89263.0,217183.0,-127920.0,-2789.0,38186.0
2012-06-05,124211.0,35621.0,88590.0,75259.0,217097.0,-141838.0,-14284.0,40274.0
2012-06-12,120365.0,32492.0,87873.0,75355.0,214547.0,-139192.0,-19598.0,44442.0
2012-06-19,121411.0,28260.0,93151.0,77449.0,229915.0,-152466.0,-11225.0,43253.0
2012-06-26,110884.0,33389.0,77495.0,79372.0,223244.0,-143872.0,-288.0,45124.0
2012-07-03,125464.0,29245.0,96219.0,80343.0,236464.0,-156121.0,-10516.0,40996.0
2012-07-10,115071.0,34784.0,80287.0,80672.0,234237.0,-153565.0,799.0,45948.0
2012-07-17,109800.0,28444.0,81356.0,79877.0,238078.0,-158201.0,-618.0,47603.0
2012-07-24,92963.0,33154.0,59809.0,82393.0,220064.0,-137671.0,1426.0,53168.0
2012-07-31,105196.0,24339.0,80857.0,79471.0,227217.0,-147746.0,-8266.0,45207.0
2012-08-07,96887.0,27177.0,69710.0,77035.0,211868.0,-134833.0,-11585.0,45790.0
2012-08-14,95478.0,28822.0,66656.0,74399.0,206767.0,-132368.0,-11572.0,47648.0
2012-08-21,111063.0,19478.0,91585.0,72285.0,215517.0,-143232.0,-27990.0,39099.0
2012-08-28,127743.0,14577.0,113166.0,73133.0,233502.0,-160369.0,-43255.0,45325.0
2012-09-04,136347.0,13420.0,122927.0,71947.0,250540.0,-178593.0,-40793.0,47537.0
2012-09-11,147696.0,10083.0,137613.0,72737.0,266203.0,-193466.0,-43625.0,44403.0
2012-09-18,155972.0,11670.0,144302.0,44354.0,236273.0,-191919.0,-57714.0,46813.0
2012-09-25,167404.0,9176.0,158228.0,44057.0,256629.0,-212572.0,-49783.0,45668.0
2012-10-02,171822.0,8832.0,162990.0,42029.0,258285.0,-216256.0,-53014.0,45336.0
2012-10-09,177644.0,10171.0,167473.0,41908.0,258562.0,-216654.0,-50334.0,44476.0
2012-10-16,169829.0,11245.0,158584.0,39443.0,238865.0,-199422.0,-47961.0,35436.0
2012-10-23,159412.0,12776.0,146636.0,40928.0,232022.0,-191094.0,-41571.0,35407.0
2012-10-30,149389.0,13961.0,135428.0,41732.0,226728.0,-184996.0,-37768.0,34794.0
2012-11-06,128668.0,13499.0,115169.0,44160.0,211709.0,-167549.0,-40193.0,45004.0
2012-11-13,137972.0,13042.0,124930.0,44875.0,227746.0,-182871.0,-41924.0,46664.0
2012-11-20,147339.0,11400.0,135939.0,44224.0,233033.0,-188809.0,-47255.0,44876.0
2012-11-27,159947.0,7640.0,152307.0,47394.0,244733.0,-197339.0,-61373.0,48100.0
2012-12-04,134304.0,15559.0,118745.0,48256.0,223187.0,-174931.0,-42665.0,46991.0
2012-12-11,134234.0,14579.0,119655.0,50170.0,212748.0,-162578.0,-52302.0,44044.0
2012-12-18,130786.0,22755.0,108031.0,50213.0,199985.0,-149772.0,-52362.0,49750.0
2012-12-25,128403.0,29509.0,98894.0,51885.0,188906.0,-137021.0,-50643.0,51202.0
2013-01-01,124967.0,27848.0,97119.0,50991.0,186493.0,-135502.0,-53157.0,51400.0
2013-01-08,117603.0,30254.0,87349.0,51806.0,187324.0,-135518.0,-42954.0,55459.0
2013-01-15,118437.0,27333.0,91104.0,52729.0,188070.0,-135341.0,-49772.0,54012.0
2013-01-22,121758.0,23861.0,97897.0,55162.0,195954.0,-140792.0,-55158.0,54000.0
2013-01-29,111076.0,34575.0,76501.0,62343.0,193626.0,-131283.0,-35814.0,50447.0
2013-02-05,113058.0,34510.0,78548.0,49831.0,184696.0,-134865.0,-39742.0,58917.0
2013-02-12,113939.0,47357.0,66582.0,54166.0,179008.0,-124842.0,-35811.0,60253.0
2013-02-19,109507.0,66697.0,42810.0,56079.0,160514.0,-104435.0,-27647.0,60841.0
2013-02-26,112888.0,62035.0,50853.0,50828.0,159967.0,-109139.0,-28481.0,65746.0
2013-03-05,108352.0,67182.0,41170.0,54198.0,153960.0,-99762.0,-34036.0,66417.0
2013-03-12,112966.0,68642.0,44324.0,55461.0,150703.0,-95242.0,-46879.0,70183.0
2013-03-19,121388.0,56609.0,64779.0,53473.0,152898.0,-99425.0,-62939.0,70831.0
2013-03-26,110766.0,54831.0,55935.0,58542.0,153528.0,-94986.0,-63487.0,76511.0
2013-04-02,110504.0,66308.0,44196.0,53548.0,136021.0,-82473.0,-60049.0,76010.0
2013-04-09,113423.0,63436.0,49987.0,53345.0,129907.0,-76562.0,-67240.0,69372.0
2013-04-16,122687.0,54025.0,68662.0,61088.0,134458.0,-73370.0,-68559.0,60220.0
2013-04-23,119662.0,66743.0,52919.0,68445.0,118507.0,-50062.0,-54326.0,51336.0
2013-04-30,116815.0,65224.0,51591.0,77240.0,120192.0,-42952.0,-52611.0,45461.0
2013-05-07,115705.0,67172.0,48533.0,83822.0,121285.0,-37463.0,-50256.0,40890.0
2013-05-14,112533.0,73149.0,39384.0,97264.0,124330.0,-27066.0,-57080.0,44342.0
2013-05-21,113088.0,76730.0,36358.0,95314.0,129648.0,-34334.0,-49788.0,43901.0
2013-05-28,114281.0,67244.0,47037.0,75989.0,113560.0,-37571.0,-21650.0,9842.0
2013-06-04,112259.0,58671.0,53588.0,67333.0,100463.0,-33130.0,-28522.0,7612.0
2013-06-11,116492.0,61174.0,55318.0,66809.0,96688.0,-29879.0,-28443.0,3687.0
2013-06-18,110415.0,71162.0,39253.0,69754.0,90094.0,-20340.0,-23775.0,4439.0
2013-06-25,107441.0,77152.0,30289.0,77991.0,97257.0,-19266.0,-15942.0,3863.0
2013-07-02,103011.0,81627.0,21384.0,87590.0,102780.0,-15190.0,-7586.0,-633.0
2013-07-09,105942.0,82060.0,23882.0,97549.0,112677.0,-15128.0,-3913.0,-7325.0
2013-07-16,106737.0,64896.0,41841.0,112727.0,126621.0,-13894.0,-10713.0,-18379.0
2013-07-23,111993.0,56639.0,55354.0,111059.0,125351.0,-14292.0,-20404.0,-21163.0
2013-07-30,108850.0,56821.0,52029.0,102399.0,106813.0,-4414.0,-21360.0,-23663.0
2013-08-06,105340.0,70596.0,34744.0,100446.0,104902.0,-4456.0,-49703.0,16891.0
2013-08-13,100561.0,62573.0,37988.0,97495.0,104789.0,-7294.0,-53580.0,15938.0
2013-08-20,104483.0,56067.0,48416.0,86423.0,98763.0,-12340.0,-55325.0,11980.0
2013-08-27,105531.0,35142.0,70389.0,81581.0,102111.0,-20530.0,-67108.0,7900.0
2013-09-03,107642.0,32242.0,75400.0,81562.0,106201.0,-24639.0,-67822.0,2791.0
2013-09-10,100358.0,35578.0,64780.0,84890.0,101758.0,-16868.0,-63356.0,3944.0
2013-09-17,96370.0,41590.0,54780.0,85522.0,96426.0,-10904.0,-54433.0,4016.0
2013-09-24,99035.0,35023.0,64012.0,83916.0,96807.0,-12891.0,-58636.0,3127.0
2013-10-01,97777.0,36394.0,61383.0,92044.0,101222.0,-9178.0,-68950.0,11664.0
2013-10-08,97919.0,26363.0,71556.0,88837.0,105698.0,-16861.0,-73555.0,10761.0
2013-10-15,97326.0,44536.0,52790.0,91615.0,103060.0,-11445.0,-53379.0,9143.0
2013-10-22,105074.0,38476.0,66598.0,89361.0,109995.0,-20634.0,-61514.0,10067.0
2013-10-29,109627.0,21224.0,88403.0,90404.0,116664.0,-26260.0,-80527.0,11833.0
2013-11-05,105007.0,26923.0,78084.0,87629.0,116465.0,-28836.0,-65064.0,13052.0
2013-11-12,100760.0,54653.0,46107.0,88916.0,109031.0,-20115.0,-45670.0,15245.0
2013-11-19,97331.0,62800.0,34531.0,85180.0,97592.0,-12412.0,-39103.0,13589.0
2013-11-26,93619.0,77658.0,15961.0,92112.0,86202.0,5910.0,-34146.0,10594.0
2013-12-03,93671.0,83730.0,9941.0,89853.0,77558.0,12295.0,-34594.0,12750.0
2013-12-10,94330.0,78527.0,15803.0,85670.0,75406.0,10264.0,-39226.0,10577.0
2013-12-17,93399.0,79637.0,13762.0,90760.0,79659.0,11101.0,-38200.0,12142.0
2013-12-24,93958.0,82765.0,11193.0,87970.0,76015.0,11955.0,-38473.0,16146.0
2013-12-31,96059.0,78334.0,17725.0,85708.0,80151.0,5557.0,-38578.0,14498.0
2014-01-07,98659.0,74421.0,24238.0,85519.0,82409.0,3110.0,-44994.0,14649.0
2014-01-14,104303.0,76033.0,28270.0,101424.0,95297.0,6127.0,-51382.0,15743.0
2014-01-21,104723.0,74506.0,30217.0,105533.0,99956.0,5577.0,-51668.0,16366.0
2014-01-28,109782.0,62544.0,47238.0,83687.0,96093.0,-12406.0,-52573.0,19103.0
2014-02-04,107407.0,63755.0,43652.0,84257.0,92687.0,-8430.0,-57352.0,21287.0
2014-02-11,116817.0,64731.0,52086.0,80473.0,89428.0,-8955.0,-63699.0,19115.0
2014-02-18,123273.0,54503.0,68770.0,72428.0,98901.0,-26473.0,-65278.0,15861.0
2014-02-25,127279.0,31023.0,96256.0,68140.0,104950.0,-36810.0,-79853.0,13208.0
2014-03-04,128351.0,27184.0,101167.0,66707.0,110079.0,-43372.0,-77777.0,13999.0
2014-03-11,127797.0,21766.0,106031.0,61001.0,106750.0,-45749.0,-79618.0,12859.0
2014-03-18,137216.0,16153.0,121063.0,61350.0,121662.0,-60312.0,-85622.0,15751.0
2014-03-25,125231.0,18218.0,107013.0,58922.0,86941.0,-28019.0,-99602.0,10304.0
2014-04-01,117969.0,26516.0,91453.0,54606.0,79339.0,-24733.0,-89296.0,8692.0
2014-04-08,109728.0,28201.0,81527.0,54960.0,78829.0,-23869.0,-77874.0,7072.0
2014-04-15,105454.0,32464.0,72990.0,58448.0,73033.0,-14585.0,-73020.0,6302.0
2014-04-22,105681.0,28575.0,77106.0,59447.0,74937.0,-15490.0,-75036.0,4727.0
2014-04-29,106919.0,29512.0,77407.0,61248.0,77932.0,-16684.0,-80487.0,7820.0
2014-05-06,119385.0,28746.0,90639.0,64437.0,83172.0,-18735.0,-91736.0,7317.0
2014-05-13,114561.0,32107.0,82454.0,63958.0,89873.0,-25915.0,-76406.0,9180.0
2014-05-20,112385.0,31232.0,81153.0,60814.0,86888.0,-26074.0,-79936.0,15338.0
2014-05-27,111146.0,53577.0,57569.0,50019.0,64916.0,-14897.0,-63741.0,15822.0
2014-06-03,111245.0,73063.0,38182.0,48855.0,63220.0,-14365.0,-49079.0,20969.0
2014-06-10,111795.0,73741.0,38054.0,45471.0,59335.0,-13864.0,-49286.0,23073.0
2014-06-17,113624.0,60065.0,53559.0,45840.0,63426.0,-17586.0,-60739.0,24736.0
2014-06-24,134571.0,34641.0,99930.0,43455.0,81598.0,-38143.0,-93464.0,20929.0
2014-07-01,149227.0,23273.0,125954.0,38911.0,91232.0,-52321.0,-108134.0,20071.0
2014-07-08,154719.0,20943.0,133776.0,35090.0,92825.0,-57735.0,-108268.0,16245.0
2014-07-15,149260.0,27173.0,122087.0,36257.0,91384.0,-55127.0,-101779.0,20371.0
2014-07-22,148121.0,22395.0,125726.0,35624.0,92941.0,-57317.0,-102874.0,20420.0
2014-07-29,135724.0,27094.0,108630.0,34871.0,90450.0,-55579.0,-93353.0,30523.0
2014-08-05,123819.0,33140.0,90679.0,31968.0,79502.0,-47534.0,-84108.0,30784.0
2014-08-12,138357.0,21930.0,116427.0,30213.0,85589.0,-55376.0,-105311.0,31254.0
2014-08-19,128398.0,25193.0,103205.0,30797.0,84900.0,-54103.0,-93559.0,34771.0
2014-08-26,118012.0,36830.0,81182.0,31479.0,73638.0,-42159.0,-81389.0,31987.0
2014-09-02,116120.0,53202.0,62918.0,32793.0,71204.0,-38411.0,-65296.0,33961.0
2014-09-09,118708.0,58501.0,60207.0,37265.0,76014.0,-38749.0,-59206.0,34934.0
2014-09-16,113659.0,73364.0,40295.0,37158.0,70141.0,-32983.0,-43260.0,31892.0
2014-09-23,110427.0,80297.0,30130.0,38784.0,69623.0,-30839.0,-33480.0,33754.0
2014-09-30,111264.0,80341.0,30923.0,37100.0,68903.0,-31803.0,-28926.0,33947.0
2014-10-07,110064.0,80201.0,29863.0,39274.0,70192.0,-30918.0,-32489.0,36584.0
2014-10-14,123582.0,81386.0,42196.0,42111.0,74570.0,-32459.0,-46364.0,43219.0
2014-10-21,132835.0,70347.0,62488.0,39585.0,84500.0,-44915.0,-59983.0,45496.0
2014-10-28,128420.0,68353.0,60067.0,38273.0,88088.0,-49815.0,-49049.0,40672.0
2014-11-04,113324.0,74519.0,38805.0,39318.0,77108.0,-37790.0,-17517.0,24420.0
2014-11-11,110478.0,79863.0,30615.0,49129.0,86992.0,-37863.0,-12161.0,25428.0
2014-11-18,119566.0,71166.0,48400.0,56408.0,96660.0,-40252.0,-30745.0,33022.0
2014-11-25,113999.0,59549.0,54450.0,36606.0,73368.0,-36762.0,-31723.0,21757.0
2014-12-02,117804.0,49170.0,68634.0,30598.0,75927.0,-45329.0,-44079.0,20696.0
2014-12-09,130648.0,39985.0,90663.0,33262.0,88237.0,-54975.0,-61626.0,24199.0
2014-12-16,127571.0,35746.0,91825.0,34330.0,93684.0,-59354.0,-55737.0,26583.0
2014-12-23,123087.0,40890.0,82197.0,31936.0,82559.0,-50623.0,-54602.0,28713.0
2014-12-30,124928.0,37878.0,87050.0,28690.0,82890.0,-54200.0,-58934.0,28787.0
2015-01-06,128325.0,34129.0,94196.0,32669.0,92020.0,-59351.0,-63321.0,27982.0
2015-01-13,132173.0,30232.0,101941.0,34607.0,99314.0,-64707.0,-72969.0,28285.0
2015-01-20,155602.0,26261.0,129341.0,29306.0,114948.0,-85642.0,-92168.0,33114.0
2015-01-27,173110.0,19873.0,153237.0,24610.0,121126.0,-96516.0,-109644.0,35688.0
2015-02-03,167310.0,18984.0,148326.0,27037.0,117623.0,-90586.0,-112687.0,36689.0
2015-02-10,140835.0,21298.0,119537.0,23007.0,101513.0,-78506.0,-92085.0,35737.0
2015-02-17,128595.0,32903.0,95692.0,22366.0,96511.0,-74145.0,-69490.0,36042.0
2015-02-24,124595.0,35108.0,89487.0,24350.0,95758.0,-71408.0,-64286.0,36684.0
2015-03-03,115279.0,42320.0,72959.0,23666.0,89987.0,-66321.0,-57066.0,42861.0
2015-03-10,107032.0,58359.0,48673.0,26168.0,78115.0,-51947.0,-37395.0,33219.0
2015-03-17,97847.0,78623.0,19224.0,30755.0,74063.0,-43308.0,-13182.0,33869.0
2015-03-24,98784.0,87349.0,11435.0,27523.0,72822.0,-45299.0,-7626.0,42846.0
2015-03-31,103808.0,67752.0,36056.0,25366.0,75694.0,-50328.0,-30787.0,43963.0
2015-04-07,112747.0,57072.0,55675.0,24724.0,85642.0,-60918.0,-47371.0,45082.0
2015-04-14,110439.0,62390.0,48049.0,23642.0,83946.0,-60304.0,-43289.0,50348.0
2015-04-21,108259.0,60134.0,48125.0,21523.0,75074.0,-53551.0,-51455.0,53120.0
2015-04-28,114952.0,64369.0,50583.0,18237.0,71952.0,-53715.0,-53157.0,50674.0
2015-05-05,98957.0,76100.0,22857.0,20250.0,60415.0,-40165.0,-33997.0,49583.0
2015-05-12,104207.0,76488.0,27719.0,20691.0,64014.0,-43323.0,-34179.0,49721.0
2015-05-19,132306.0,53689.0,78617.0,17951.0,94860.0,-76909.0,-55425.0,44004.0
2015-05-26,125069.0,58825.0,66244.0,17429.0,91862.0,-74433.0,-35287.0,38450.0
2015-06-02,125229.0,63482.0,61747.0,16934.0,90560.0,-73626.0,-34524.0,42663.0
2015-06-09,121125.0,83486.0,37639.0,18488.0,79791.0,-61303.0,-17286.0,37451.0
2015-06-16,124527.0,89529.0,34998.0,16454.0,75845.0,-59391.0,-17246.0,40725.0
2015-06-23,124843.0,84927.0,39916.0,15949.0,91484.0,-75535.0,-25353.0,55198.0
2015-06-30,115188.0,99565.0,15623.0,16748.0,81821.0,-65073.0,-9696.0,51532.0
2015-07-07,111482.0,109383.0,2099.0,18678.0,72089.0,-53411.0,822.0,48349.0
2015-07-14,108413.0,109536.0,-1123.0,22205.0,74248.0,-52043.0,3574.0,48947.0
2015-07-21,106297.0,119853.0,-13556.0,26690.0,66493.0,-39803.0,18219.0,41835.0
2015-07-28,106284.0,120917.0,-14633.0,22082.0,58546.0,-36464.0,21198.0,39098.0
2015-08-04,103573.0,114860.0,-11287.0,20798.0,60201.0,-39403.0,24583.0,41187.0
2015-08-11,108507.0,113937.0,-5430.0,18426.0,62110.0,-43684.0,19226.0,37872.0
2015-08-18,112075.0,104158.0,7917.0,17508.0,63587.0,-46079.0,16131.0,33742.0
2015-08-25,119456.0,78842.0,40614.0,14467.0,80360.0,-65893.0,3257.0,30119.0
2015-09-01,112641.0,72044.0,40597.0,12944.0,80229.0,-67285.0,-1803.0,32088.0
2015-09-08,112684.0,85859.0,26825.0,20513.0,77612.0,-57099.0,1120.0,32468.0
2015-09-15,104300.0,95493.0,8807.0,17304.0,60606.0,-43302.0,10323.0,30740.0
2015-09-22,107531.0,86702.0,20829.0,19677.0,75195.0,-55518.0,-1710.0,40296.0
2015-09-29,112633.0,72069.0,40564.0,25515.0,87605.0,-62090.0,-11053.0,36081.0
2015-10-06,115414.0,69576.0,45838.0,25741.0,92163.0,-66422.0,-22047.0,40981.0
2015-10-13,128350.0,51137.0,77213.0,24080.0,103595.0,-79515.0,-38979.0,39946.0
2015-10-20,156199.0,39855.0,116344.0,24068.0,125536.0,-101468.0,-61832.0,34957.0
2015-10-27,147660.0,33568.0,114092.0,24021.0,126967.0,-102946.0,-62902.0,43342.0
2015-11-03,116702.0,49495.0,67207.0,26094.0,115320.0,-89226.0,-35762.0,49135.0
2015-11-10,91880.0,75011.0,16869.0,25898.0,90778.0,-64880.0,-7014.0,51520.0
2015-11-17,90510.0,104433.0,-13923.0,25079.0,75078.0,-49999.0,21526.0,48322.0
2015-11-24,91059.0,107723.0,-16664.0,25625.0,67103.0,-41478.0,29495.0,32966.0
2015-12-01,89982.0,110548.0,-20566.0,27538.0,59821.0,-32283.0,29372.0,30316.0
2015-12-08,92488.0,109910.0,-17422.0,25951.0,62512.0,-36561.0,22564.0,37045.0
2015-12-15,83617.0,110836.0,-27219.0,20596.0,61412.0,-40816.0,32550.0,40875.0
2015-12-22,79979.0,100041.0,-20062.0,19453.0,73397.0,-53944.0,31693.0,46489.0
2015-12-29,76071.0,103272.0,-27201.0,23044.0,67018.0,-43974.0,28639.0,46303.0
2016-01-05,79732.0,95659.0,-15927.0,22948.0,67800.0,-44852.0,25577.0,42487.0
2016-01-12,82908.0,82816.0,92.0,23309.0,75124.0,-51815.0,8230.0,44626.0
2016-01-19,84054.0,83615.0,439.0,24206.0,73168.0,-48962.0,8819.0,43255.0
2016-01-26,95745.0,78942.0,16803.0,19845.0,72454.0,-52609.0,-7224.0,42237.0
2016-02-02,100566.0,71530.0,29036.0,24395.0,80385.0,-55990.0,-21365.0,43786.0
2016-02-09,121059.0,60423.0,60636.0,23988.0,91728.0,-67740.0,-37183.0,37792.0
2016-02-16,126219.0,45206.0,81013.0,26085.0,111860.0,-85775.0,-46209.0,36347.0
2016-02-23,141373.0,32276.0,109097.0,19329.0,123277.0,-103948.0,-59201.0,35881.0
2016-03-01,133823.0,29453.0,104370.0,16920.0,129587.0,-112667.0,-58764.0,48043.0
2016-03-08,160317.0,32890.0,127427.0,17739.0,143726.0,-125987.0,-69385.0,47383.0
2016-03-15,159202.0,29425.0,129777.0,19486.0,143435.0,-123949.0,-61582.0,39735.0
2016-03-22,174457.0,29558.0,144899.0,19858.0,150125.0,-130267.0,-69727.0,33932.0
2016-03-29,184135.0,29930.0,154205.0,24190.0,150685.0,-126495.0,-81469.0,35601.0
2016-04-05,186716.0,33958.0,152758.0,21204.0,151023.0,-129819.0,-77426.0,37642.0
2016-04-12,202500.0,31866.0,170634.0,21129.0,164322.0,-143193.0,-88594.0,43173.0
2016-04-19,208661.0,34554.0,174107.0,20069.0,166296.0,-146227.0,-93894.0,42730.0
2016-04-26,206476.0,34426.0,172050.0,18752.0,165367.0,-146615.0,-93493.0,48807.0
2016-05-03,248842.0,29947.0,218895.0,19259.0,189227.0,-169968.0,-124933.0,52753.0
2016-05-10,246782.0,35591.0,211191.0,20797.0,178897.0,-158100.0,-126896.0,53707.0
2016-05-17,247059.0,34618.0,212441.0,21631.0,170642.0,-149011.0,-141232.0,53847.0
2016-05-24,205180.0,48719.0,156461.0,59557.0,156435.0,-96878.0,-128335.0,50171.0
2016-05-31,192160.0,43549.0,148611.0,47227.0,142196.0,-94969.0,-119069.0,48524.0
2016-06-07,212061.0,34695.0,177366.0,26136.0,147563.0,-121427.0,-122265.0,51253.0
2016-06-14,257500.0,28260.0,229240.0,26395.0,176665.0,-150270.0,-147807.0,50622.0
2016-06-21,274936.0,24528.0,250408.0,28287.0,177414.0,-149127.0,-163010.0,42321.0
2016-06-28,285895.0,24845.0,261050.0,30055.0,179646.0,-149591.0,-176730.0,40870.0
2016-07-05,300070.0,26994.0,273076.0,29270.0,178378.0,-149108.0,-191099.0,42887.0
2016-07-12,296106.0,36977.0,259129.0,35210.0,176993.0,-141783.0,-183669.0,38334.0
2016-07-19,287317.0,34920.0,252397.0,31861.0,167764.0,-135903.0,-179574.0,33514.0
2016-07-26,278777.0,31356.0,247421.0,31448.0,166649.0,-135201.0,-173822.0,31534.0
2016-08-02,288542.0,33813.0,254729.0,29097.0,175971.0,-146874.0,-177153.0,39454.0
2016-08-09,281496.0,36244.0,245252.0,29067.0,165875.0,-136808.0,-176133.0,41195.0
2016-08-16,277152.0,34425.0,242727.0,30091.0,169299.0,-139208.0,-171785.0,41124.0
2016-08-23,284550.0,30866.0,253684.0,23865.0,163651.0,-139786.0,-177689.0,40925.0
2016-08-30,266680.0,35086.0,231594.0,22280.0,158022.0,-135742.0,-165471.0,44747.0
2016-09-06,291692.0,22157.0,269535.0,22474.0,176277.0,-153803.0,-176170.0,38325.0
2016-09-13,271631.0,28654.0,242977.0,24700.0,173534.0,-148834.0,-162537.0,42436.0
2016-09-20,246119.0,32972.0,213147.0,25040.0,163063.0,-138023.0,-152592.0,43032.0
2016-09-27,282151.0,26974.0,255177.0,26681.0,176013.0,-149332.0,-165262.0,36727.0
2016-10-04,244765.0,44649.0,200116.0,27604.0,155278.0,-127674.0,-143568.0,45392.0
2016-10-11,203033.0,54240.0,148793.0,28660.0,143233.0,-114573.0,-106626.0,46426.0
2016-10-18,190008.0,59054.0,130954.0,30322.0,136610.0,-106288.0,-96383.0,48664.0
2016-10-25,199094.0,55184.0,143910.0,29237.0,140772.0,-111535.0,-106064.0,53070.0
2016-11-01,203670.0,37403.0,166267.0,27666.0,153593.0,-125927.0,-113324.0,48864.0
2016-11-08,211670.0,38033.0,173637.0,27597.0,158095.0,-130498.0,-115088.0,43601.0
2016-11-15,178132.0,43452.0,134680.0,27283.0,134182.0,-106899.0,-93067.0,42980.0
2016-11-22,171864.0,47475.0,124389.0,20805.0,119000.0,-98195.0,-93977.0,42696.0
2016-11-29,162086.0,55145.0,106941.0,24102.0,114690.0,-90588.0,-77235.0,44629.0
2016-12-06,150856.0,68538.0,82318.0,21781.0,105209.0,-83428.0,-71516.0,54062.0
2016-12-13,146150.0,77432.0,68718.0,22199.0,103372.0,-81173.0,-68713.0,60593.0
2016-12-20,137588.0,83783.0,53805.0,22130.0,101474.0,-79344.0,-54678.0,61029.0
2016-12-27,130595.0,87229.0,43366.0,23547.0,97994.0,-74447.0,-46520.0,54977.0
2017-01-03,127786.0,91229.0,36557.0,24768.0,97997.0,-73229.0,-44383.0,59993.0
2017-01-10,135563.0,79884.0,55679.0,24588.0,96661.0,-72073.0,-53743.0,53803.0
2017-01-17,141566.0,82931.0,58635.0,23844.0,99443.0,-75599.0,-47512.0,48406.0
2017-01-24,135159.0,75405.0,59754.0,23117.0,108482.0,-85365.0,-41009.0,49653.0
2017-01-31,140663.0,70826.0,69837.0,20746.0,110568.0,-89822.0,-41981.0,49318.0
2017-02-07,142542.0,72393.0,70149.0,22551.0,115774.0,-93223.0,-40923.0,47000.0
2017-02-14,135739.0,72114.0,63625.0,20992.0,113422.0,-92430.0,-35358.0,46127.0
2017-02-21,142639.0,64597.0,78042.0,20557.0,116326.0,-95769.0,-43795.0,45721.0
2017-02-28,166437.0,52191.0,114246.0,19559.0,126908.0,-107349.0,-72558.0,49552.0
2017-03-07,150277.0,60030.0,90247.0,20164.0,118027.0,-97863.0,-54785.0,43438.0
2017-03-14,121179.0,74805.0,46374.0,20937.0,109327.0,-88390.0,-34897.0,59664.0
2017-03-21,130259.0,74064.0,56195.0,18872.0,117388.0,-98516.0,-30481.0,60057.0
2017-03-28,150879.0,59836.0,91043.0,17857.0,131503.0,-113646.0,-38468.0,46777.0
2017-04-04,163428.0,54302.0,109126.0,16834.0,139711.0,-122877.0,-48139.0,46310.0
2017-04-11,179841.0,46830.0,133011.0,17653.0,153297.0,-135644.0,-51720.0,39655.0
2017-04-18,199001.0,47765.0,151236.0,17577.0,167357.0,-149780.0,-61284.0,44532.0
2017-04-25,207394.0,47014.0,160380.0,17618.0,169292.0,-151674.0,-62906.0,40297.0
2017-05-02,195331.0,51720.0,143611.0,17427.0,170723.0,-153296.0,-50690.0,46023.0
2017-05-09,151419.0,55457.0,95962.0,17259.0,155245.0,-137986.0,-26436.0,54044.0
2017-05-16,132094.0,66226.0,65868.0,20336.0,148925.0,-128589.0,-14270.0,60856.0
2017-05-23,161893.0,50845.0,111048.0,19274.0,166109.0,-146835.0,-27456.0,48719.0
2017-05-30,175304.0,51171.0,124133.0,21570.0,177812.0,-156242.0,-26977.0,42957.0
2017-06-06,229476.0,63427.0,166049.0,18528.0,192484.0,-173956.0,-42398.0,38416.0
2017-06-13,214955.0,67459.0,147496.0,16856.0,183073.0,-166217.0,-37394.0,42778.0
2017-06-20,165035.0,65659.0,99376.0,16301.0,164235.0,-147934.0,-17082.0,51299.0
2017-06-27,144515.0,71860.0,72655.0,16646.0,156631.0,-139985.0,-9878.0,59017.0
2017-07-04,129780.0,96091.0,33689.0,18166.0,146455.0,-128289.0,21063.0,60110.0
2017-07-11,123619.0,100397.0,23222.0,24005.0,141642.0,-117637.0,43721.0,37038.0
2017-07-18,127028.0,98115.0,28913.0,24116.0,144914.0,-120798.0,47163.0,31225.0
2017-07-25,136359.0,62735.0,73624.0,21746.0,159307.0,-137561.0,34218.0,17207.0
2017-08-01,158082.0,39624.0,118458.0,19082.0,167618.0,-148536.0,5151.0,11214.0
2017-08-08,164828.0,28843.0,135985.0,19019.0,168329.0,-149310.0,-10201.0,12852.0
2017-08-15,195433.0,18877.0,176556.0,16379.0,179160.0,-162781.0,-33850.0,11178.0
2017-08-22,209717.0,15638.0,194079.0,15981.0,195128.0,-179147.0,-40771.0,14359.0
2017-08-29,235065.0,13939.0,221126.0,17352.0,205953.0,-188601.0,-59428.0,9921.0
2017-09-05,251489.0,14301.0,237188.0,18473.0,212267.0,-193794.0,-68013.0,8110.0
2017-09-12,270413.0,16896.0,253517.0,17582.0,209237.0,-191655.0,-80443.0,1243.0
2017-09-19,251735.0,18353.0,233382.0,17562.0,207442.0,-189880.0,-63161.0,2707.0
2017-09-26,219134.0,23158.0,195976.0,18923.0,208745.0,-189822.0,-43649.0,16618.0
2017-10-03,204361.0,24917.0,179444.0,17710.0,203648.0,-185938.0,-38485.0,24411.0
2017-10-10,193154.0,21824.0,171330.0,18662.0,201414.0,-182752.0,-40245.0,28782.0
2017-10-17,196555.0,27040.0,169515.0,18809.0,206035.0,-187226.0,-34398.0,31209.0
2017-10-24,192701.0,24333.0,168368.0,18360.0,201023.0,-182663.0,-27990.0,23017.0
2017-10-31,182652.0,16687.0,165965.0,17081.0,200789.0,-183708.0,-26940.0,27130.0
2017-11-07,187782.0,17070.0,170712.0,17307.0,198381.0,-181074.0,-34213.0,25078.0
2017-11-14,190657.0,14559.0,176098.0,18323.0,202533.0,-184210.0,-31581.0,18986.0
2017-11-21,187292.0,14137.0,173155.0,19514.0,204896.0,-185382.0,-39674.0,28672.0
2017-11-28,208518.0,9978.0,198540.0,17891.0,202648.0,-184757.0,-61784.0,25877.0
2017-12-05,167174.0,32664.0,134510.0,20819.0,179239.0,-158420.0,-31470.0,38819.0
2017-12-12,123139.0,46913.0,76226.0,19245.0,150986.0,-131741.0,12278.0,30842.0
2017-12-19,116642.0,35397.0,81245.0,17300.0,148160.0,-130860.0,2643.0,32550.0
2017-12-26,127715.0,19957.0,107758.0,19715.0,161264.0,-141549.0,-7920.0,28190.0
2018-01-02,168423.0,20249.0,148174.0,22495.0,180714.0,-158219.0,-19381.0,15094.0
2018-01-09,216115.0,20065.0,196050.0,21117.0,198371.0,-177254.0,-43017.0,7238.0
2018-01-16,227373.0,25841.0,201532.0,22861.0,212879.0,-190018.0,-42489.0,10179.0
2018-01-23,236003.0,26467.0,209536.0,23933.0,217184.0,-193251.0,-41301.0,5148.0
2018-01-30,230597.0,23035.0,207562.0,22684.0,209619.0,-186935.0,-38141.0,-300.0
2018-02-06,206377.0,23448.0,182929.0,26595.0,202225.0,-175630.0,-29821.0,7948.0
2018-02-13,186183.0,16426.0,169757.0,22749.0,194149.0,-171400.0,-23136.0,5849.0
2018-02-20,190398.0,14943.0,175455.0,30967.0,207285.0,-176318.0,-38560.0,15467.0
2018-02-27,177475.0,27456.0,150019.0,30993.0,206218.0,-175225.0,-24571.0,28699.0
2018-03-06,172492.0,21786.0,150706.0,25642.0,199419.0,-173777.0,-31126.0,33117.0
2018-03-13,162337.0,26472.0,135865.0,25466.0,195189.0,-169723.0,-19087.0,32083.0
2018-03-20,148152.0,36345.0,111807.0,25478.0,182047.0,-156569.0,-10701.0,36924.0
2018-03-27,183080.0,20917.0,162163.0,25165.0,204181.0,-179016.0,-47344.0,41191.0
2018-04-03,155590.0,28948.0,126642.0,30267.0,197029.0,-166762.0,-22103.0,39947.0
2018-04-10,154044.0,28482.0,125562.0,32193.0,197288.0,-165095.0,-10557.0,29810.0
2018-04-17,157925.0,25287.0,132638.0,33041.0,206888.0,-173847.0,-11415.0,30431.0
2018-04-24,143258.0,43597.0,99661.0,32696.0,196159.0,-163463.0,1663.0,36985.0
2018-05-01,119064.0,79747.0,39317.0,33204.0,181259.0,-148055.0,16183.0,67462.0
2018-05-08,109508.0,67869.0,41639.0,34195.0,182428.0,-148233.0,13249.0,65801.0
2018-05-15,103256.0,84258.0,18998.0,35688.0,175548.0,-139860.0,21771.0,73445.0
2018-05-22,91411.0,74880.0,16531.0,37972.0,167276.0,-129304.0,13729.0,74426.0
2018-05-29,107882.0,53881.0,54001.0,33583.0,170958.0,-137375.0,686.0,61129.0
2018-06-05,100027.0,49147.0,50880.0,42172.0,140296.0,-98124.0,-36223.0,60536.0
2018-06-12,104313.0,48809.0,55504.0,43227.0,138843.0,-95616.0,-44971.0,64736.0
2018-06-19,94297.0,83769.0,10528.0,45041.0,116231.0,-71190.0,-42934.0,85984.0
2018-06-26,94845.0,94869.0,-24.0,45108.0,116919.0,-71811.0,-23152.0,76696.0
2018-07-03,104275.0,105529.0,-1254.0,40794.0,112038.0,-71244.0,-21906.0,79581.0
2018-07-10,107402.0,109929.0,-2527.0,34107.0,103749.0,-69642.0,-30752.0,83961.0
2018-07-17,107775.0,134224.0,-26449.0,29729.0,101723.0,-71994.0,-1641.0,84290.0
2018-07-24,110249.0,146671.0,-36422.0,27066.0,84366.0,-57300.0,-8368.0,85019.0
2018-07-31,110580.0,153108.0,-42528.0,26485.0,79249.0,-52764.0,4846.0,77865.0
2018-08-07,105849.0,171965.0,-66116.0,24692.0,72357.0,-47665.0,22056.0,78804.0
2018-08-14,104803.0,188127.0,-83324.0,27574.0,66183.0,-38609.0,31259.0,79636.0
2018-08-21,107143.0,197171.0,-90028.0,26516.0,63915.0,-37399.0,35714.0,81318.0
2018-08-28,105971.0,181743.0,-75772.0,26507.0,67699.0,-41192.0,32930.0,72709.0
2018-09-04,101651.0,184373.0,-82722.0,27115.0,65731.0,-38616.0,45141.0,69225.0
2018-09-11,100593.0,175812.0,-75219.0,28256.0,68613.0,-40357.0,40370.0,67629.0
2018-09-18,97904.0,180367.0,-82463.0,29357.0,68328.0,-38971.0,40662.0,71619.0
2018-09-25,98513.0,182190.0,-83677.0,27277.0,67802.0,-40525.0,47605.0,66029.0
2018-10-02,100671.0,180274.0,-79603.0,31567.0,70177.0,-38610.0,47485.0,57781.0
2018-10-09,82218.0,191672.0,-109454.0,35501.0,69634.0,-34133.0,59999.0,71279.0
2018-10-16,95333.0,144715.0,-49382.0,36197.0,98154.0,-61957.0,29961.0,67049.0
2018-10-23,99368.0,137484.0,-38116.0,34663.0,102587.0,-67924.0,21404.0,67504.0
2018-10-30,80105.0,135628.0,-55523.0,36057.0,97111.0,-61054.0,29849.0,68717.0
2018-11-06,82188.0,129634.0,-47446.0,37023.0,99334.0,-62311.0,24175.0,66472.0
2018-11-13,79529.0,158723.0,-79194.0,47551.0,89514.0,-41963.0,40140.0,69947.0
2018-11-20,84356.0,136207.0,-51851.0,47454.0,93564.0,-46110.0,22970.0,60747.0
2018-11-27,79992.0,138382.0,-58390.0,35196.0,76210.0,-41014.0,24914.0,60261.0
2018-12-04,99414.0,109201.0,-9787.0,19212.0,74759.0,-55547.0,-2702.0,58788.0
2018-12-11,89942.0,90008.0,-66.0,18936.0,83116.0,-64180.0,-13188.0,60565.0
2018-12-18,100828.0,89630.0,11198.0,18531.0,78969.0,-60438.0,-32237.0,64762.0
2018-12-25,119146.0,77178.0,41968.0,20170.0,86065.0,-65895.0,-62324.0,69017.0
2019-01-01,121205.0,71021.0,50184.0,19300.0,92197.0,-72897.0,-71717.0,73588.0
2019-01-08,112690.0,80219.0,32471.0,12969.0,75020.0,-62051.0,-59136.0,66745.0
2019-01-15,115651.0,90716.0,24935.0,43351.0,103302.0,-59951.0,-48162.0,62978.0
2019-01-22,105295.0,89085.0,16210.0,50087.0,110130.0,-60043.0,-32034.0,58294.0
2019-01-29,126404.0,94007.0,32397.0,14289.0,84947.0,-70658.0,-47951.0,67196.0
2019-02-05,134954.0,90079.0,44875.0,15593.0,89160.0,-73567.0,-57675.0,64220.0
2019-02-12,132365.0,89746.0,42619.0,16566.0,90733.0,-74167.0,-51944.0,62255.0
2019-02-19,166411.0,84034.0,82377.0,15236.0,103673.0,-88437.0,-78040.0,63270.0
2019-02-26,154217.0,75658.0,78559.0,15312.0,101061.0,-85749.0,-74096.0,57137.0
2019-03-05,125903.0,94656.0,31247.0,13920.0,86101.0,-72181.0,-41816.0,56771.0
2019-03-12,123293.0,105886.0,17407.0,27128.0,87449.0,-60321.0,-48153.0,61412.0
2019-03-19,123909.0,93434.0,30475.0,33592.0,97589.0,-63997.0,-51662.0,57921.0
2019-03-26,135373.0,77386.0,57987.0,14704.0,84053.0,-69349.0,-82085.0,61951.0
2019-04-02,110816.0,86198.0,24618.0,16339.0,74574.0,-58235.0,-59995.0,69938.0
2019-04-09,117917.0,80880.0,37037.0,16242.0,75839.0,-59597.0,-73212.0,68327.0
2019-04-16,96196.0,111583.0,-15387.0,18586.0,61796.0,-43210.0,-35220.0,71660.0
2019-04-23,88989.0,122818.0,-33829.0,17090.0,53073.0,-35983.0,-21413.0,71224.0
2019-04-30,95159.0,95083.0,76.0,16898.0,67873.0,-50975.0,-37337.0,66143.0
2019-05-07,102975.0,93428.0,9547.0,19282.0,67234.0,-47952.0,-48407.0,65864.0
2019-05-14,138467.0,85921.0,52546.0,37635.0,102517.0,-64882.0,-72301.0,71990.0
2019-05-21,114986.0,99049.0,15937.0,42131.0,104863.0,-62732.0,-45206.0,72868.0
2019-05-28,119314.0,93040.0,26274.0,47857.0,110653.0,-62796.0,-47158.0,60414.0
2019-06-04,159663.0,63481.0,96182.0,19523.0,106293.0,-86770.0,-85806.0,59933.0
2019-06-11,169640.0,40480.0,129160.0,22226.0,114842.0,-92616.0,-109411.0,55078.0
2019-06-18,191766.0,41250.0,150516.0,22520.0,124772.0,-102252.0,-121603.0,53807.0
2019-06-25,204918.0,27177.0,177741.0,27515.0,155003.0,-127488.0,-132662.0,58813.0
2019-07-02,214186.0,20099.0,194087.0,26439.0,169945.0,-143506.0,-143316.0,64859.0
2019-07-09,208301.0,25690.0,182611.0,23099.0,172713.0,-149614.0,-128802.0,62152.0
2019-07-16,211322.0,31263.0,180059.0,36109.0,173109.0,-137000.0,-140408.0,65442.0
2019-07-23,208153.0,29980.0,178173.0,35072.0,175270.0,-140198.0,-147641.0,73077.0
2019-07-30,215581.0,29868.0,185713.0,16484.0,151075.0,-134591.0,-153376.0,68675.0
2019-08-06,248687.0,21854.0,226833.0,21577.0,160907.0,-139330.0,-184995.0,65712.0
2019-08-13,245631.0,22020.0,223611.0,20942.0,159798.0,-138856.0,-184871.0,66479.0
2019-08-20,249696.0,19850.0,229846.0,21303.0,166620.0,-145317.0,-190933.0,70147.0
2019-08-27,258269.0,31553.0,226716.0,28589.0,172923.0,-144334.0,-189472.0,70122.0
2019-09-03,265175.0,33549.0,231626.0,23849.0,178506.0,-154657.0,-183084.0,68921.0
2019-09-10,239475.0,33294.0,206181.0,23199.0,177027.0,-153828.0,-151783.0,63544.0
2019-09-17,241936.0,28080.0,213856.0,21281.0,180842.0,-159561.0,-158838.0,68743.0
2019-09-24,265508.0,27637.0,237871.0,20674.0,185082.0,-164408.0,-180737.0,74573.0
2019-10-01,219990.0,29179.0,190811.0,23159.0,173858.0,-150699.0,-152989.0,78182.0
2019-10-08,231976.0,31475.0,200501.0,22269.0,176511.0,-154242.0,-156700.0,75062.0
2019-10-15,213987.0,38200.0,175787.0,22787.0,168098.0,-145311.0,-142964.0,77240.0
2019-10-22,218317.0,33879.0,184438.0,22191.0,167457.0,-145266.0,-150091.0,74694.0
2019-10-29,230664.0,32106.0,198558.0,22136.0,161711.0,-139575.0,-161641.0,77957.0
2019-11-05,233167.0,35920.0,197247.0,17855.0,157995.0,-140140.0,-176998.0,82581.0
2019-11-12,209432.0,33991.0,175441.0,41974.0,164545.0,-122571.0,-178897.0,91625.0
2019-11-19,221795.0,26596.0,195199.0,38835.0,166073.0,-127238.0,-191857.0,90660.0
2019-11-26,218724.0,24437.0,194287.0,24107.0,145103.0,-120996.0,-184471.0,77347.0
2019-12-03,232276.0,24314.0,207962.0,25300.0,154111.0,-128811.0,-193976.0,82743.0
2019-12-10,212929.0,29281.0,183648.0,25199.0,147377.0,-122178.0,-180105.0,87272.0
2019-12-17,228616.0,26895.0,201721.0,24515.0,157858.0,-133343.0,-185276.0,84554.0
2019-12-24,245366.0,26520.0,218846.0,26943.0,164091.0,-137148.0,-203248.0,86806.0
2019-12-31,258357.0,25625.0,232732.0,25430.0,171537.0,-146107.0,-220384.0,95193.0
2020-01-07,261083.0,31326.0,229757.0,23615.0,167363.0,-143748.0,-212333.0,92534.0
2020-01-14,262402.0,31943.0,230459.0,40178.0,181318.0,-141140.0,-208679.0,88776.0
2020-01-21,258269.0,34437.0,223832.0,42645.0,185232.0,-142587.0,-209316.0,93863.0
2020-01-28,254259.0,34321.0,219938.0,22487.0,161450.0,-138963.0,-221851.0,110154.0
2020-02-04,223762.0,42152.0,181610.0,16469.0,155103.0,-138634.0,-193053.0,118196.0
2020-02-11,231499.0,35828.0,195671.0,17009.0,158762.0,-141753.0,-196038.0,112303.0
2020-02-18,278286.0,39740.0,238546.0,17130.0,176211.0,-159081.0,-226531.0,115103.0
2020-02-25,263218.0,32372.0,230846.0,20685.0,184340.0,-163655.0,-211966.0,105019.0
2020-03-03,242921.0,27560.0,215361.0,18481.0,178821.0,-160340.0,-190671.0,104372.0
2020-03-10,220642.0,10457.0,210185.0,30447.0,171242.0,-140795.0,-187509.0,89346.0
2020-03-17,164979.0,10900.0,154079.0,28316.0,161694.0,-133378.0,-168331.0,127837.0
2020-03-24,158965.0,1556.0,157409.0,22853.0,157635.0,-134782.0,-177041.0,130957.0
2020-03-31,156820.0,4222.0,152598.0,25659.0,137868.0,-112209.0,-171750.0,106251.0
2020-04-07,157005.0,4523.0,152482.0,19757.0,129690.0,-109933.0,-165678.0,96460.0
2020-04-14,162412.0,7168.0,155244.0,19415.0,127666.0,-108251.0,-172157.0,97257.0
2020-04-21,155492.0,9221.0,146271.0,18506.0,126959.0,-108453.0,-171620.0,103300.0
2020-04-28,154025.0,7619.0,146406.0,17954.0,130880.0,-112926.0,-180703.0,116323.0
2020-05-05,142326.0,9085.0,133241.0,17834.0,126428.0,-108594.0,-173042.0,116763.0
2020-05-12,144015.0,21798.0,122217.0,22089.0,127265.0,-105176.0,-173357.0,120611.0
2020-05-19,153961.0,26897.0,127064.0,21879.0,129189.0,-107310.0,-182864.0,124724.0
2020-05-26,145566.0,32485.0,113081.0,16983.0,105449.0,-88466.0,-185856.0,124833.0
2020-06-02,133655.0,33300.0,100355.0,17550.0,99413.0,-81863.0,-174760.0,118679.0
2020-06-09,126407.0,35230.0,91177.0,18289.0,101180.0,-82891.0,-160566.0,117436.0
2020-06-16,135945.0,31257.0,104688.0,17761.0,105338.0,-87577.0,-170443.0,119660.0
2020-06-23,161593.0,32078.0,129515.0,17771.0,111941.0,-94170.0,-193122.0,122442.0
2020-06-30,173526.0,34971.0,138555.0,19798.0,115221.0,-95423.0,-206040.0,128115.0
2020-07-07,179810.0,40467.0,139343.0,20352.0,112705.0,-92353.0,-210239.0,128015.0
2020-07-14,177400.0,42427.0,134973.0,22532.0,118784.0,-96252.0,-205766.0,127455.0
2020-07-21,181256.0,40987.0,140269.0,23045.0,123303.0,-100258.0,-203601.0,126167.0
2020-07-28,159894.0,42758.0,117136.0,20494.0,110969.0,-90475.0,-187902.0,119665.0
2020-08-04,165357.0,51885.0,113472.0,19158.0,116748.0,-97590.0,-178755.0,125274.0
2020-08-11,155418.0,57726.0,97692.0,20119.0,113766.0,-93647.0,-174684.0,126361.0
2020-08-18,151016.0,55578.0,95438.0,19419.0,110411.0,-90992.0,-176779.0,128080.0
2020-08-25,145055.0,58206.0,86849.0,21545.0,114604.0,-93059.0,-173386.0,134189.0
2020-09-01,147175.0,49433.0,97742.0,17887.0,115747.0,-97860.0,-179546.0,133054.0
2020-09-08,155528.0,51236.0,104292.0,17766.0,118943.0,-101177.0,-179863.0,132181.0
2020-09-15,166571.0,55473.0,111098.0,19681.0,121622.0,-101941.0,-183245.0,129879.0
2020-09-22,144670.0,63222.0,81448.0,20734.0,113771.0,-93037.0,-173371.0,137612.0
2020-09-29,140320.0,45948.0,94372.0,18095.0,114937.0,-96842.0,-189336.0,149287.0
2020-10-06,139350.0,44738.0,94612.0,17090.0,114476.0,-97386.0,-191082.0,153975.0
2020-10-13,138169.0,56388.0,81781.0,15637.0,116151.0,-100514.0,-184141.0,158890.0
2020-10-20,149108.0,58543.0,90565.0,16306.0,117914.0,-101608.0,-192516.0,159039.0
2020-10-27,149140.0,47265.0,101875.0,16885.0,110953.0,-94068.0,-202394.0,146759.0
2020-11-03,140094.0,49399.0,90695.0,15422.0,108060.0,-92638.0,-196700.0,152214.0
2020-11-10,130105.0,50322.0,79783.0,15986.0,108842.0,-92856.0,-190567.0,159953.0
2020-11-17,139550.0,49103.0,90447.0,16015.0,113514.0,-97499.0,-197073.0,160823.0
2020-11-24,137503.0,52155.0,85348.0,16425.0,112076.0,-95651.0,-189178.0,158554.0
2020-12-01,134446.0,48903.0,85543.0,18504.0,119429.0,-100925.0,-192338.0,174771.0
2020-12-08,147844.0,49033.0,98811.0,15367.0,118240.0,-102873.0,-197850.0,170409.0
2020-12-15,151901.0,50022.0,101879.0,14192.0,118294.0,-104102.0,-202240.0,169705.0
2020-12-22,158194.0,50070.0,108124.0,12636.0,120377.0,-107741.0,-207358.0,170072.0
2020-12-29,159673.0,50678.0,108995.0,12327.0,117811.0,-105484.0,-201770.0,159877.0
2021-01-05,167096.0,50527.0,116569.0,13307.0,118767.0,-105460.0,-215463.0,162749.0
2021-01-12,131057.0,52823.0,78234.0,15210.0,113944.0,-98734.0,-191567.0,167993.0
2021-01-19,127161.0,49090.0,78071.0,13477.0,114372.0,-100895.0,-186572.0,168567.0
2021-01-26,142815.0,46416.0,96399.0,10278.0,113013.0,-102735.0,-196213.0,161147.0
2021-02-02,137062.0,49284.0,87778.0,10760.0,114887.0,-104127.0,-193830.0,169348.0
2021-02-09,134733.0,47093.0,87640.0,9490.0,112486.0,-102996.0,-189199.0,163767.0
2021-02-16,125997.0,58041.0,67956.0,11567.0,111400.0,-99833.0,-175245.0,167013.0
2021-02-23,125124.0,56001.0,69123.0,10658.0,103728.0,-93070.0,-158659.0,146610.0
2021-03-02,106608.0,60648.0,45960.0,12025.0,98920.0,-86895.0,-135308.0,143678.0
2021-03-09,96223.0,66793.0,29430.0,14579.0,96258.0,-81679.0,-126201.0,145733.0
2021-03-16,100669.0,59548.0,41121.0,15152.0,94226.0,-79074.0,-130401.0,139075.0
2021-03-23,107941.0,64420.0,43521.0,15470.0,93043.0,-77573.0,-124230.0,130546.0
2021-03-30,113009.0,69936.0,43073.0,16441.0,89329.0,-72888.0,-120838.0,124455.0
2021-04-06,121563.0,55091.0,66472.0,11916.0,90527.0,-78611.0,-136188.0,123037.0
2021-04-13,112070.0,58263.0,53807.0,11585.0,86637.0,-75052.0,-133736.0,127067.0
2021-04-20,116843.0,60419.0,56424.0,11755.0,87520.0,-75765.0,-137428.0,125074.0
2021-04-27,117144.0,66493.0,50651.0,11542.0,83268.0,-71726.0,-135451.0,119968.0
2021-05-04,117434.0,63809.0,53625.0,11043.0,78286.0,-67243.0,-134680.0,117116.0
2021-05-11,131295.0,49680.0,81615.0,16359.0,87150.0,-70791.0,-156293.0,110640.0
2021-05-18,141776.0,49786.0,91990.0,18969.0,84133.0,-65164.0,-167737.0,106899.0
2021-05-25,143862.0,36607.0,107255.0,12526.0,90986.0,-78460.0,-172409.0,107387.0
2021-06-01,147270.0,37297.0,109973.0,11017.0,80820.0,-69803.0,-178372.0,103728.0
2021-06-08,145037.0,37373.0,107664.0,13828.0,78884.0,-65056.0,-179750.0,101723.0
2021-06-15,138546.0,41754.0,96792.0,15205.0,79346.0,-64141.0,-167085.0,95244.0
2021-06-22,110038.0,47502.0,62536.0,14480.0,70690.0,-56210.0,-146172.0,103678.0
2021-06-29,115438.0,54056.0,61382.0,14517.0,68972.0,-54455.0,-140665.0,100844.0
2021-07-06,131218.0,53258.0,77960.0,14158.0,75008.0,-60850.0,-153876.0,104861.0
2021-07-13,135938.0,49647.0,86291.0,14757.0,75926.0,-61169.0,-159859.0,104545.0
2021-07-20,135163.0,44735.0,90428.0,14367.0,78197.0,-63830.0,-164718.0,105544.0
2021-07-27,131635.0,41405.0,90230.0,13874.0,70160.0,-56286.0,-172528.0,109158.0
2021-08-03,132920.0,43047.0,89873.0,17427.0,73826.0,-56399.0,-174885.0,106462.0
2021-08-10,111892.0,76489.0,35403.0,15344.0,62975.0,-47631.0,-148010.0,133003.0
2021-08-17,117272.0,58194.0,59078.0,14549.0,66385.0,-51836.0,-162164.0,132464.0
2021-08-24,126636.0,51192.0,75444.0,14405.0,69571.0,-55166.0,-179512.0,135209.0
2021-08-31,136555.0,54878.0,81677.0,13580.0,66321.0,-52741.0,-187771.0,134873.0
2021-09-07,129044.0,61449.0,67595.0,14223.0,66798.0,-52575.0,-183233.0,138444.0
2021-09-14,130837.0,59615.0,71222.0,13149.0,67186.0,-54037.0,-180214.0,136538.0
2021-09-21,119777.0,72933.0,46844.0,15089.0,61902.0,-46813.0,-165831.0,140803.0
2021-09-28,118923.0,88062.0,30861.0,18460.0,60320.0,-41860.0,-148291.0,137538.0
2021-10-05,126745.0,72579.0,54166.0,14867.0,57675.0,-42808.0,-160894.0,128416.0
2021-10-12,131668.0,73149.0,58519.0,14259.0,62099.0,-47840.0,-159774.0,127020.0
2021-10-19,124560.0,66761.0,57799.0,12474.0,63126.0,-50652.0,-168538.0,135550.0
2021-10-26,141280.0,54918.0,86362.0,13505.0,64600.0,-51095.0,-188559.0,128198.0
2021-11-02,136944.0,51705.0,85239.0,13986.0,66307.0,-52321.0,-187556.0,129890.0
2021-11-09,168133.0,42523.0,125610.0,17412.0,76212.0,-58800.0,-216689.0,124571.0
2021-11-16,185468.0,43083.0,142385.0,17998.0,86192.0,-68194.0,-219345.0,117395.0
2021-11-23,152273.0,46934.0,105339.0,14322.0,82848.0,-68526.0,-199308.0,129072.0
2021-11-30,137469.0,45384.0,92085.0,13584.0,67407.0,-53823.0,-204780.0,133775.0
2021-12-07,125067.0,44326.0,80741.0,11713.0,65860.0,-54147.0,-191476.0,136444.0
2021-12-14,121492.0,58075.0,63417.0,11823.0,63346.0,-51523.0,-179888.0,138984.0
2021-12-21,124120.0,52372.0,71748.0,11693.0,67486.0,-55793.0,-180236.0,134063.0
2021-12-28,130389.0,46726.0,83663.0,11047.0,69200.0,-58153.0,-187511.0,129493.0
2022-01-04,124252.0,44744.0,79508.0,11574.0,65049.0,-53475.0,-183983.0,131847.0
2022-01-11,119297.0,44987.0,74310.0,15004.0,65710.0,-50706.0,-174367.0,125427.0
2022-01-18,119807.0,48014.0,71793.0,19188.0,70150.0,-50962.0,-170106.0,122414.0
2022-01-25,140640.0,39265.0,101375.0,13494.0,79264.0,-65770.0,-183976.0,118776.0
2022-02-01,108309.0,58395.0,49914.0,13294.0,65627.0,-52333.0,-149009.0,122228.0
2022-02-08,117234.0,47767.0,69467.0,12653.0,66144.0,-53491.0,-157943.0,117239.0
2022-02-15,151530.0,43824.0,107706.0,13840.0,77522.0,-63682.0,-175193.0,105907.0
2022-02-22,183356.0,44380.0,138976.0,14747.0,85658.0,-70911.0,-198811.0,104172.0
2022-03-01,187215.0,38594.0,148621.0,18689.0,94503.0,-75814.0,-209995.0,109001.0
2022-03-08,181510.0,38537.0,142973.0,23736.0,99813.0,-76077.0,-230869.0,131415.0
2022-03-15,165597.0,39060.0,126537.0,26287.0,93725.0,-67438.0,-230003.0,135251.0
2022-03-22,152589.0,37457.0,115132.0,28886.0,93799.0,-64913.0,-216682.0,132900.0
2022-03-29,146486.0,38184.0,108302.0,18389.0,70315.0,-51926.0,-234011.0,149294.0
2022-04-05,148320.0,46693.0,101627.0,18989.0,71333.0,-52344.0,-226414.0,143914.0
2022-04-12,165244.0,48219.0,117025.0,20272.0,72001.0,-51729.0,-236364.0,137262.0
2022-04-19,157560.0,56294.0,101266.0,22596.0,72545.0,-49949.0,-225576.0,138491.0
2022-04-26,138215.0,57098.0,81117.0,22665.0,66838.0,-44173.0,-205121.0,136907.0
2022-05-03,128828.0,60981.0,67847.0,23431.0,63612.0,-40181.0,-191671.0,131321.0
2022-05-10,123931.0,61939.0,61992.0,22242.0,65143.0,-42901.0,-184855.0,131323.0
2022-05-17,115572.0,72212.0,43360.0,24468.0,62025.0,-37557.0,-169322.0,132000.0
2022-05-24,121174.0,60117.0,61057.0,21184.0,63194.0,-42010.0,-169937.0,122756.0
2022-05-31,112731.0,61938.0,50793.0,19970.0,65269.0,-45299.0,-154757.0,121796.0
2022-06-07,115215.0,57684.0,57531.0,16570.0,61112.0,-44542.0,-155344.0,117737.0
2022-06-14,109111.0,72206.0,36905.0,14920.0,55975.0,-41055.0,-137514.0,117693.0
2022-06-21,113220.0,63417.0,49803.0,13019.0,57208.0,-44189.0,-142740.0,113484.0
2022-06-28,110850.0,74748.0,36102.0,13971.0,57758.0,-43787.0,-138220.0,121591.0
2022-07-05,103472.0,86438.0,17034.0,15404.0,53894.0,-38490.0,-127095.0,128626.0
2022-07-12,91669.0,97802.0,-6133.0,18149.0,46218.0,-28069.0,-109719.0,124254.0
2022-07-19,91056.0,109794.0,-18738.0,21601.0,46644.0,-25043.0,-87219.0,113693.0
2022-07-26,92216.0,111309.0,-19093.0,16057.0,41222.0,-25165.0,-83257.0,111783.0
2022-08-02,96634.0,80779.0,15855.0,13831.0,44218.0,-30387.0,-105178.0,108471.0
2022-08-09,100013.0,59279.0,40734.0,12940.0,49401.0,-36461.0,-118093.0,102117.0
2022-08-16,96765.0,60392.0,36373.0,14278.0,48802.0,-34524.0,-119185.0,104791.0
2022-08-23,95850.0,73739.0,22111.0,14957.0,47144.0,-32187.0,-105885.0,103736.0
2022-08-30,91761.0,79973.0,11788.0,14612.0,45959.0,-31347.0,-98332.0,105946.0
2022-09-06,85842.0,92804.0,-6962.0,15564.0,41624.0,-26060.0,-88004.0,110819.0
2022-09-13,80300.0,98637.0,-18337.0,12589.0,39708.0,-27119.0,-83819.0,115681.0
2022-09-20,78544.0,115239.0,-36695.0,16194.0,33858.0,-17664.0,-57764.0,102417.0
2022-09-27,74171.0,117265.0,-43094.0,15381.0,28004.0,-12623.0,-49515.0,95175.0
2022-10-04,82806.0,89681.0,-6875.0,12114.0,31266.0,-19152.0,-77396.0,95260.0
2022-10-11,78365.0,83945.0,-5580.0,11578.0,34246.0,-22668.0,-81060.0,100000.0
2022-10-18,73344.0,99042.0,-25698.0,14351.0,29916.0,-15565.0,-74465.0,102654.0
2022-10-25,72016.0,110804.0,-38788.0,18036.0,28462.0,-10426.0,-69787.0,106820.0
2022-11-01,78213.0,119614.0,-41401.0,17255.0,26028.0,-8773.0,-66009.0,106024.0
2022-11-08,88059.0,104405.0,-16346.0,16738.0,35324.0,-18586.0,-72558.0,98684.0
2022-11-15,95065.0,69608.0,25457.0,14602.0,51584.0,-36982.0,-97326.0,100812.0
2022-11-22,92161.0,72730.0,19431.0,14133.0,54527.0,-40394.0,-89670.0,96682.0
2022-11-29,88032.0,73312.0,14720.0,12158.0,48784.0,-36626.0,-82607.0,95283.0
2022-12-06,93629.0,70142.0,23487.0,11712.0,49665.0,-37953.0,-92126.0,91638.0
2022-12-13,103737.0,66288.0,37449.0,13758.0,50601.0,-36843.0,-101686.0,88200.0
2022-12-20,104813.0,65718.0,39095.0,13860.0,51557.0,-37697.0,-104817.0,89753.0
2022-12-27,106983.0,56106.0,50877.0,13950.0,56342.0,-42392.0,-111384.0,86003.0
2023-01-03,109140.0,54559.0,54581.0,13217.0,57119.0,-43902.0,-116072.0,87085.0
2023-01-10,116604.0,54795.0,61809.0,12243.0,60946.0,-48703.0,-123775.0,88726.0
2023-01-17,124222.0,54845.0,69377.0,14854.0,58789.0,-43935.0,-131978.0,83863.0
2023-01-24,131501.0,51622.0,79879.0,12705.0,54314.0,-41609.0,-138945.0,77794.0
2023-01-31,138125.0,53678.0,84447.0,14955.0,51775.0,-36820.0,-143700.0,75834.0
2023-02-07,115521.0,55945.0,59576.0,15251.0,46233.0,-30982.0,-121984.0,69239.0
2023-02-14,106106.0,64933.0,41173.0,12225.0,42118.0,-29893.0,-99179.0,64356.0
2023-02-21,104710.0,68004.0,36706.0,10696.0,40479.0,-29783.0,-99572.0,70395.0
2023-02-28,99425.0,72850.0,26575.0,12772.0,41995.0,-29223.0,-98264.0,82018.0
2023-03-07,103439.0,89040.0,14399.0,11617.0,41216.0,-29599.0,-89321.0,84075.0
2023-03-14,118560.0,58839.0,59721.0,11602.0,47669.0,-36067.0,-119373.0,80610.0
2023-03-21,125090.0,43861.0,81229.0,14502.0,55788.0,-41286.0,-142282.0,77376.0
2023-03-28,130530.0,31370.0,99160.0,15709.0,60038.0,-44329.0,-157179.0,82470.0
2023-04-04,142348.0,32217.0,110131.0,15763.0,51702.0,-35939.0,-182311.0,85085.0
2023-04-11,135015.0,30409.0,104606.0,16516.0,51449.0,-34933.0,-181615.0,88139.0
2023-04-18,137170.0,34474.0,102696.0,17347.0,51291.0,-33944.0,-182481.0,87197.0
2023-04-25,135979.0,33176.0,102803.0,17543.0,52563.0,-35020.0,-176908.0,82461.0
2023-05-02,143191.0,29401.0,113790.0,18762.0,54293.0,-35531.0,-182053.0,81777.0
2023-05-09,143463.0,32477.0,110986.0,18250.0,55018.0,-36768.0,-185747.0,84828.0
2023-05-16,139786.0,35803.0,103983.0,18148.0,52362.0,-34214.0,-177343.0,75831.0
2023-05-23,128550.0,35411.0,93139.0,18435.0,44860.0,-26425.0,-160598.0,67593.0
2023-05-30,122904.0,36201.0,86703.0,12396.0,43768.0,-31372.0,-158633.0,82613.0
2023-06-06,120985.0,27557.0,93428.0,13860.0,43638.0,-29778.0,-168409.0,82213.0
2023-06-13,110512.0,35869.0,74643.0,14225.0,41384.0,-27159.0,-158903.0,85566.0
2023-06-20,110314.0,34275.0,76039.0,13663.0,40542.0,-26879.0,-159658.0,86936.0
2023-06-27,108209.0,38534.0,69675.0,11393.0,37626.0,-26233.0,-149102.0,82235.0
2023-07-04,123017.0,39869.0,83148.0,13966.0,41391.0,-27425.0,-157292.0,79949.0
2023-07-11,124394.0,41951.0,82443.0,13062.0,42136.0,-29074.0,-158675.0,83311.0
2023-07-18,147644.0,32326.0,115318.0,14281.0,53555.0,-39274.0,-174441.0,78030.0
2023-07-25,132603.0,37316.0,95287.0,16452.0,55396.0,-38944.0,-159266.0,78352.0
2023-08-01,123802.0,43793.0,80009.0,16334.0,46546.0,-30212.0,-156633.0,84915.0
2023-08-08,114585.0,55979.0,58606.0,15411.0,41861.0,-26450.0,-141104.0,84379.0
2023-08-15,113146.0,83610.0,29536.0,17862.0,39392.0,-21530.0,-120400.0,91600.0
2023-08-22,105085.0,95976.0,9109.0,18338.0,35940.0,-17602.0,-103434.0,92837.0
2023-08-29,120609.0,81367.0,39242.0,20564.0,41031.0,-20467.0,-120127.0,84030.0
2023-09-05,120222.0,69857.0,50365.0,17994.0,42368.0,-24374.0,-133865.0,87641.0
2023-09-12,117737.0,83166.0,34571.0,17361.0,39709.0,-22348.0,-122462.0,89293.0
2023-09-19,121172.0,73782.0,47390.0,15305.0,40593.0,-25288.0,-127644.0,87773.0
2023-09-26,114668.0,91230.0,23438.0,13152.0,39819.0,-26667.0,-108169.0,92377.0
2023-10-03,100500.0,108061.0,-7561.0,16614.0,38810.0,-22196.0,-89786.0,98787.0
2023-10-10,93934.0,120701.0,-26767.0,19010.0,37437.0,-18427.0,-72001.0,98200.0
2023-10-17,104708.0,89605.0,15103.0,11737.0,41703.0,-29966.0,-98033.0,97635.0
2023-10-24,122456.0,66708.0,55748.0,10642.0,50787.0,-40145.0,-125728.0,93637.0
2023-10-31,140111.0,65271.0,74840.0,11165.0,55350.0,-44185.0,-138522.0,88585.0
2023-11-07,140609.0,62374.0,78235.0,10487.0,55470.0,-44983.0,-141108.0,87981.0
2023-11-14,132924.0,68609.0,64315.0,12176.0,55241.0,-43065.0,-133954.0,91061.0
2023-11-21,144381.0,65246.0,79135.0,14081.0,59990.0,-45909.0,-144326.0,92570.0
2023-11-28,169695.0,54802.0,114893.0,14333.0,64941.0,-50608.0,-167984.0,85191.0
2023-12-05,159907.0,50520.0,109387.0,12631.0,62325.0,-49694.0,-177251.0,94157.0
2023-12-12,149634.0,54106.0,95528.0,13420.0,58535.0,-45115.0,-167693.0,92705.0
2023-12-19,155697.0,47421.0,108276.0,12836.0,60852.0,-48016.0,-179042.0,93063.0
2023-12-26,152801.0,46347.0,106454.0,13243.0,58256.0,-45013.0,-187332.0,101264.0
2024-01-02,154384.0,45235.0,109149.0,13674.0,55375.0,-41701.0,-193777.0,98500.0
2024-01-09,134333.0,45874.0,88459.0,11949.0,56950.0,-45001.0,-172700.0,100155.0
2024-01-16,130931.0,47702.0,83229.0,12864.0,53418.0,-40554.0,-166866.0,96664.0
2024-01-23,111298.0,50265.0,61033.0,13724.0,52673.0,-38949.0,-153144.0,108441.0
2024-01-30,108093.0,52069.0,56024.0,15272.0,49631.0,-34359.0,-136159.0,91767.0
2024-02-06,114316.0,46247.0,68069.0,14285.0,50903.0,-36618.0,-143623.0,93669.0
2024-02-13,100642.0,66466.0,34176.0,15888.0,48131.0,-32243.0,-120737.0,96992.0
2024-02-20,98840.0,48917.0,49923.0,10614.0,49065.0,-38451.0,-120960.0,90339.0
2024-02-27,103885.0,47732.0,56153.0,11378.0,51050.0,-39672.0,-118680.0,85483.0
2024-03-05,145106.0,35343.0,109763.0,11650.0,60537.0,-48887.0,-157905.0,81530.0
2024-03-12,173994.0,32911.0,141083.0,30471.0,78911.0,-48440.0,-169833.0,60519.0
2024-03-19,172588.0,29692.0,142896.0,32136.0,81346.0,-49210.0,-168320.0,58706.0
2024-03-26,163006.0,27211.0,135795.0,32765.0,80270.0,-47505.0,-170835.0,63499.0
2024-04-02,173073.0,25993.0,147080.0,32235.0,77122.0,-44887.0,-180827.0,60170.0
2024-04-09,174617.0,32885.0,141732.0,34191.0,76217.0,-42026.0,-182556.0,60687.0
2024-04-16,169910.0,35174.0,134736.0,37797.0,71700.0,-33903.0,-188855.0,67187.0
2024-04-23,176400.0,34261.0,142139.0,37917.0,70510.0,-32593.0,-194279.0,60752.0
2024-04-30,171853.0,36826.0,135027.0,37917.0,68644.0,-30727.0,-196771.0,69183.0
2024-05-07,164780.0,38681.0,126099.0,35488.0,67658.0,-32170.0,-195096.0,73468.0
2024-05-14,171868.0,41433.0,130435.0,35446.0,65005.0,-29559.0,-202551.0,74061.0
2024-05-21,190605.0,42082.0,148523.0,20490.0,57460.0,-36970.0,-221693.0,81283.0
2024-05-28,174444.0,25616.0,148828.0,18542.0,59186.0,-40644.0,-220306.0,87757.0
2024-06-04,172560.0,20261.0,152299.0,15962.0,55848.0,-39886.0,-226045.0,85003.0
2024-06-11,168424.0,15459.0,152965.0,15922.0,56729.0,-40807.0,-219704.0,80961.0
2024-06-18,177639.0,17018.0,160621.0,15030.0,57588.0,-42558.0,-225172.0,82463.0
2024-06-25,174756.0,16554.0,158202.0,15601.0,58204.0,-42603.0,-228885.0,88027.0
2024-07-02,167688.0,16873.0,150815.0,14424.0,59169.0,-44745.0,-220054.0,90728.0
2024-07-09,181982.0,24515.0,157467.0,14031.0,66422.0,-52391.0,-228238.0,97308.0
2024-07-16,216502.0,31970.0,184532.0,23789.0,84107.0,-60318.0,-248986.0,100492.0
2024-07-23,197802.0,34942.0,162860.0,15685.0,69900.0,-54215.0,-246710.0,110214.0
2024-07-30,185586.0,33222.0,152364.0,19913.0,64678.0,-44765.0,-228092.0,94237.0
2024-08-06,180303.0,29517.0,150786.0,16637.0,63782.0,-47145.0,-221889.0,87963.0
2024-08-13,203844.0,25929.0,177915.0,16717.0,69652.0,-52935.0,-239567.0,89349.0
2024-08-20,222142.0,28837.0,193305.0,15569.0,79564.0,-63995.0,-252511.0,97948.0
2024-08-27,217976.0,17685.0,200291.0,10714.0,79098.0,-68384.0,-253935.0,94154.0
2024-09-03,212086.0,19996.0,192090.0,11841.0,81470.0,-69629.0,-242258.0,95468.0
2024-09-10,213645.0,23190.0,190455.0,12568.0,87942.0,-75374.0,-231525.0,92046.0
2024-09-17,241844.0,25489.0,216355.0,12663.0,90250.0,-77587.0,-257540.0,93711.0
2024-09-24,256435.0,37406.0,219029.0,13517.0,93547.0,-80030.0,-259676.0,96361.0
2024-10-01,247867.0,33405.0,214462.0,12220.0,87446.0,-75226.0,-252298.0,85469.0
2024-10-08,227596.0,33537.0,194059.0,12830.0,83981.0,-71151.0,-232825.0,84121.0
2024-10-15,233871.0,34450.0,199421.0,13088.0,87786.0,-74698.0,-237960.0,87013.0
2024-10-22,242427.0,37267.0,205160.0,12942.0,95037.0,-82095.0,-242606.0,91044.0
2024-10-29,234856.0,39683.0,195173.0,12379.0,86999.0,-74620.0,-229051.0,83480.0
2024-11-05,219687.0,36684.0,183003.0,13066.0,82429.0,-69363.0,-213696.0,72326.0
2024-11-12,203661.0,38365.0,165296.0,13211.0,80667.0,-67456.0,-198126.0,71155.0
2024-11-19,193355.0,38181.0,155174.0,13787.0,84104.0,-70317.0,-192005.0,79193.0
2024-11-26,203596.0,24306.0,179290.0,14309.0,81389.0,-67080.0,-205440.0,71048.0
2024-12-03,203580.0,22845.0,180735.0,10967.0,73308.0,-62341.0,-223934.0,79001.0
2024-12-10,218482.0,22404.0,196078.0,11204.0,77649.0,-66445.0,-230426.0,79508.0
2024-12-17,201880.0,18378.0,183502.0,9971.0,82426.0,-72455.0,-212778.0,78539.0
2024-12-24,186099.0,20602.0,165497.0,9198.0,83987.0,-74789.0,-198547.0,82132.0
2024-12-31,182128.0,15959.0,166169.0,9983.0,83344.0,-73361.0,-197935.0,81110.0
2025-01-07,191873.0,14232.0,177641.0,10137.0,81104.0,-70967.0,-207679.0,77270.0
2025-01-14,206968.0,11346.0,195622.0,21043.0,95030.0,-73987.0,-228465.0,83741.0
2025-01-21,226964.0,11095.0,215869.0,20111.0,100717.0,-80606.0,-246002.0,84915.0
2025-01-28,227871.0,17331.0,210540.0,19532.0,100430.0,-80898.0,-242824.0,88869.0
2025-02-04,240485.0,30952.0,209533.0,19046.0,82490.0,-63444.0,-264731.0,92975.0
2025-02-11,229071.0,34268.0,194803.0,20935.0,81836.0,-60901.0,-248987.0,89701.0
2025-02-18,222538.0,37209.0,185329.0,22176.0,82595.0,-60419.0,-235652.0,83345.0
2025-02-25,212694.0,32882.0,179812.0,24007.0,84497.0,-60490.0,-227610.0,81813.0
2025-03-04,204965.0,38307.0,166658.0,24881.0,83460.0,-58579.0,-212536.0,76603.0
2025-03-11,204907.0,37331.0,167576.0,24799.0,82058.0,-57259.0,-207929.0,68524.0
2025-03-18,220879.0,37045.0,183834.0,23881.0,88261.0,-64380.0,-220788.0,74098.0
2025-03-25,213505.0,38773.0,174732.0,14682.0,77439.0,-62757.0,-215841.0,75064.0
2025-04-01,204833.0,62834.0,141999.0,11538.0,73853.0,-62315.0,-202746.0,96435.0
2025-04-08,175393.0,44407.0,130986.0,14087.0,66734.0,-52647.0,-179536.0,69729.0
2025-04-15,168400.0,43546.0,124854.0,14214.0,65819.0,-51605.0,-180307.0,77356.0
2025-04-22,166360.0,45458.0,120902.0,18110.0,63420.0,-45310.0,-156958.0,54476.0
2025-04-29,150715.0,44820.0,105895.0,17714.0,62788.0,-45074.0,-145687.0,57423.0
2025-05-06,144383.0,42292.0,102091.0,17705.0,62990.0,-45285.0,-146818.0,60406.0
2025-05-13,144410.0,43183.0,101227.0,17651.0,59184.0,-41533.0,-149674.0,59982.0
2025-05-20,149149.0,41520.0,107629.0,20202.0,59019.0,-38817.0,-158831.0,56352.0
2025-05-27,147502.0,36686.0,110816.0,15935.0,62127.0,-46192.0,-161395.0,63368.0
2025-06-03,159966.0,36384.0,123582.0,14319.0,62427.0,-48108.0,-172718.0,64323.0
2025-06-10,160680.0,36589.0,124091.0,13381.0,62746.0,-49365.0,-173353.0,63390.0
2025-06-17,167646.0,37135.0,130511.0,11066.0,64028.0,-52962.0,-184765.0,70137.0
2025-06-24,163829.0,38701.0,125128.0,12319.0,62734.0,-50415.0,-180145.0,69876.0
2025-07-01,165086.0,34726.0,130360.0,12005.0,61418.0,-49413.0,-186656.0,71620.0
2025-07-08,164685.0,35743.0,128942.0,13615.0,60427.0,-46812.0,-191542.0,74026.0
2025-07-15,172657.0,35930.0,136727.0,14716.0,61452.0,-46736.0,-203952.0,76388.0
2025-07-22,194753.0,34819.0,159934.0,11207.0,62569.0,-51362.0,-230975.0,93104.0
2025-07-29,170918.0,36662.0,134256.0,12294.0,60464.0,-48170.0,-210909.0,89340.0
2025-08-05,186304.0,32317.0,153987.0,21760.0,55777.0,-34017.0,-236129.0,83063.0
2025-08-12,182337.0,34050.0,148287.0,9324.0,49074.0,-39750.0,-223315.0,81198.0
2025-08-19,173388.0,36003.0,137385.0,9389.0,49394.0,-40005.0,-209960.0,75205.0
2025-08-26,175494.0,33577.0,141917.0,9620.0,51948.0,-42328.0,-208637.0,72394.0
2025-09-02,196127.0,34625.0,161502.0,8209.0,63511.0,-55302.0,-218596.0,88028.0
2025-09-09,198907.0,35388.0,163519.0,9864.0,72418.0,-62554.0,-210821.0,98221.0
2025-09-16,195347.0,36376.0,158971.0,10992.0,76376.0,-65384.0,-236987.0,107439.0
2025-09-23,198826.0,38277.0,160549.0,11851.0,79003.0,-67152.0,-231251.0,106200.0
2025-09-30,184199.0,38972.0,145227.0,10432.0,75829.0,-65397.0,-222839.0,107681.0
2025-10-07,170587.0,40828.0,129759.0,12169.0,77521.0,-65352.0,-198420.0,102197.0
2025-10-14,152187.0,43877.0,108310.0,14094.0,75551.0,-61457.0,-175410.0,95606.0
2025-10-21,135503.0,43276.0,92227.0,13924.0,71702.0,-57778.0,-152339.0,84382.0
2025-10-28,138605.0,34446.0,104159.0,12403.0,70597.0,-58194.0,-178833.0,100505.0
2025-11-04,130688.0,30143.0,100545.0,9805.0,69256.0,-59451.0,-177091.0,101762.0
2025-11-11,134155.0,30068.0,104087.0,9875.0,68621.0,-58746.0,-186077.0,102982.0
2025-11-18,130222.0,32017.0,98205.0,10061.0,68958.0,-58897.0,-186688.0,112134.0
2025-11-25,136979.0,27670.0,109309.0,9950.0,56642.0,-46692.0,-194711.0,95279.0
2025-12-02,140143.0,19819.0,120324.0,10094.0,58801.0,-48707.0,-206641.0,97236.0
2025-12-09,143383.0,19835.0,123548.0,10463.0,59856.0,-49393.0,-213186.0,100338.0
2025-12-16,152873.0,20277.0,132596.0,16057.0,60306.0,-44249.0,-230109.0,101382.0
2025-12-23,160581.0,24311.0,136270.0,17158.0,68442.0,-51284.0,-232242.0,104430.0
2025-12-30,148642.0,22602.0,126040.0,12958.0,67439.0,-54481.0,-220765.0,105133.0
2026-01-06,146445.0,23232.0,123213.0,13454.0,63996.0,-50542.0,-221493.0,104419.0
2026-01-13,158825.0,24080.0,134745.0,13998.0,65163.0,-51165.0,-245941.0,116493.0
2026-01-20,163668.0,26224.0,137444.0,18731.0,61020.0,-42289.0,-247400.0,107326.0
2026-01-27,143321.0,25162.0,118159.0,14609.0,55198.0,-40589.0,-207696.0,87237.0
2026-02-03,118936.0,26864.0,92072.0,14072.0,38706.0,-24634.0,-183144.0,73532.0
2026-02-10,119232.0,27210.0,92022.0,15737.0,34182.0,-18445.0,-179293.0,67990.0
2026-02-17,123011.0,27118.0,95893.0,13643.0,35041.0,-21398.0,-175384.0,64022.0
2026-02-24,121233.0,25259.0,95974.0,14800.0,34618.0,-19818.0,-180988.0,63203.0
2026-03-03,123456.0,25539.0,97917.0,15219.0,36010.0,-20791.0,-179792.0,62228.0
2026-03-10,125077.0,26678.0,98399.0,14826.0,34522.0,-19696.0,-183280.0,64733.0
2026-03-17,130147.0,28104.0,102043.0,15879.0,33713.0,-17834.0,-180814.0,57826.0
