month,gpr_monthly,gpr_threats_monthly,gpr_acts_monthly
1950-02-01,,,
1950-03-01,,,
1950-04-01,,,
1950-05-01,,,
1950-06-01,,,
1950-07-01,,,
1950-08-01,,,
1950-09-01,,,
1950-10-01,,,
1950-11-01,,,
1950-12-01,,,
1951-01-01,,,
1951-02-01,,,
1951-03-01,,,
1951-04-01,,,
1951-05-01,,,
1951-06-01,,,
1951-07-01,,,
1951-08-01,,,
1951-09-01,,,
1951-10-01,,,
1951-11-01,,,
1951-12-01,,,
1952-01-01,,,
1952-02-01,,,
1952-03-01,,,
1952-04-01,,,
1952-05-01,,,
1952-06-01,,,
1952-07-01,,,
1952-08-01,,,
1952-09-01,,,
1952-10-01,,,
1952-11-01,,,
1952-12-01,,,
1953-01-01,,,
1953-02-01,,,
1953-03-01,,,
1953-04-01,,,
1953-05-01,,,
1953-06-01,,,
1953-07-01,,,
1953-08-01,,,
1953-09-01,,,
1953-10-01,,,
1953-11-01,,,
1953-12-01,,,
1954-01-01,,,
1954-02-01,,,
1954-03-01,,,
1954-04-01,,,
1954-05-01,,,
1954-06-01,,,
1954-07-01,,,
1954-08-01,,,
1954-09-01,,,
1954-10-01,,,
1954-11-01,,,
1954-12-01,,,
1955-01-01,,,
1955-02-01,,,
1955-03-01,,,
1955-04-01,,,
1955-05-01,,,
1955-06-01,,,
1955-07-01,,,
1955-08-01,,,
1955-09-01,,,
1955-10-01,,,
1955-11-01,,,
1955-12-01,,,
1956-01-01,,,
1956-02-01,,,
1956-03-01,,,
1956-04-01,,,
1956-05-01,,,
1956-06-01,,,
1956-07-01,,,
1956-08-01,,,
1956-09-01,,,
1956-10-01,,,
1956-11-01,,,
1956-12-01,,,
1957-01-01,,,
1957-02-01,,,
1957-03-01,,,
1957-04-01,,,
1957-05-01,,,
1957-06-01,,,
1957-07-01,,,
1957-08-01,,,
1957-09-01,,,
1957-10-01,,,
1957-11-01,,,
1957-12-01,,,
1958-01-01,,,
1958-02-01,,,
1958-03-01,,,
1958-04-01,,,
1958-05-01,,,
1958-06-01,,,
1958-07-01,,,
1958-08-01,,,
1958-09-01,,,
1958-10-01,,,
1958-11-01,,,
1958-12-01,,,
1959-01-01,,,
1959-02-01,,,
1959-03-01,,,
1959-04-01,,,
1959-05-01,,,
1959-06-01,,,
1959-07-01,,,
1959-08-01,,,
1959-09-01,,,
1959-10-01,,,
1959-11-01,,,
1959-12-01,,,
1960-01-01,,,
1960-02-01,,,
1960-03-01,,,
1960-04-01,,,
1960-05-01,,,
1960-06-01,,,
1960-07-01,,,
1960-08-01,,,
1960-09-01,,,
1960-10-01,,,
1960-11-01,,,
1960-12-01,,,
1961-01-01,,,
1961-02-01,,,
1961-03-01,,,
1961-04-01,,,
1961-05-01,,,
1961-06-01,,,
1961-07-01,,,
1961-08-01,,,
1961-09-01,,,
1961-10-01,,,
1961-11-01,,,
1961-12-01,,,
1962-01-01,,,
1962-02-01,,,
1962-03-01,,,
1962-04-01,,,
1962-05-01,,,
1962-06-01,,,
1962-07-01,,,
1962-08-01,,,
1962-09-01,,,
1962-10-01,,,
1962-11-01,,,
1962-12-01,,,
1963-01-01,,,
1963-02-01,,,
1963-03-01,,,
1963-04-01,,,
1963-05-01,,,
1963-06-01,,,
1963-07-01,,,
1963-08-01,,,
1963-09-01,,,
1963-10-01,,,
1963-11-01,,,
1963-12-01,,,
1964-01-01,,,
1964-02-01,,,
1964-03-01,,,
1964-04-01,,,
1964-05-01,,,
1964-06-01,,,
1964-07-01,,,
1964-08-01,,,
1964-09-01,,,
1964-10-01,,,
1964-11-01,,,
1964-12-01,,,
1965-01-01,,,
1965-02-01,,,
1965-03-01,,,
1965-04-01,,,
1965-05-01,,,
1965-06-01,,,
1965-07-01,,,
1965-08-01,,,
1965-09-01,,,
1965-10-01,,,
1965-11-01,,,
1965-12-01,,,
1966-01-01,,,
1966-02-01,,,
1966-03-01,,,
1966-04-01,,,
1966-05-01,,,
1966-06-01,,,
1966-07-01,,,
1966-08-01,,,
1966-09-01,,,
1966-10-01,,,
1966-11-01,,,
1966-12-01,,,
1967-01-01,,,
1967-02-01,,,
1967-03-01,,,
1967-04-01,,,
1967-05-01,,,
1967-06-01,,,
1967-07-01,,,
1967-08-01,,,
1967-09-01,,,
1967-10-01,,,
1967-11-01,,,
1967-12-01,,,
1968-01-01,,,
1968-02-01,,,
1968-03-01,,,
1968-04-01,,,
1968-05-01,,,
1968-06-01,,,
1968-07-01,,,
1968-08-01,,,
1968-09-01,,,
1968-10-01,,,
1968-11-01,,,
1968-12-01,,,
1969-01-01,,,
1969-02-01,,,
1969-03-01,,,
1969-04-01,,,
1969-05-01,,,
1969-06-01,,,
1969-07-01,,,
1969-08-01,,,
1969-09-01,,,
1969-10-01,,,
1969-11-01,,,
1969-12-01,,,
1970-01-01,,,
1970-02-01,,,
1970-03-01,,,
1970-04-01,,,
1970-05-01,,,
1970-06-01,,,
1970-07-01,,,
1970-08-01,,,
1970-09-01,,,
1970-10-01,,,
1970-11-01,,,
1970-12-01,,,
1971-01-01,,,
1971-02-01,,,
1971-03-01,,,
1971-04-01,,,
1971-05-01,,,
1971-06-01,,,
1971-07-01,,,
1971-08-01,,,
1971-09-01,,,
1971-10-01,,,
1971-11-01,,,
1971-12-01,,,
1972-01-01,,,
1972-02-01,,,
1972-03-01,,,
1972-04-01,,,
1972-05-01,,,
1972-06-01,,,
1972-07-01,,,
1972-08-01,,,
1972-09-01,,,
1972-10-01,,,
1972-11-01,,,
1972-12-01,,,
1973-01-01,,,
1973-02-01,,,
1973-03-01,,,
1973-04-01,,,
1973-05-01,,,
1973-06-01,,,
1973-07-01,,,
1973-08-01,,,
1973-09-01,,,
1973-10-01,,,
1973-11-01,,,
1973-12-01,,,
1974-01-01,,,
1974-02-01,,,
1974-03-01,,,
1974-04-01,,,
1974-05-01,,,
1974-06-01,,,
1974-07-01,,,
1974-08-01,,,
1974-09-01,,,
1974-10-01,,,
1974-11-01,,,
1974-12-01,,,
1975-01-01,,,
1975-02-01,,,
1975-03-01,,,
1975-04-01,,,
1975-05-01,,,
1975-06-01,,,
1975-07-01,,,
1975-08-01,,,
1975-09-01,,,
1975-10-01,,,
1975-11-01,,,
1975-12-01,,,
1976-01-01,,,
1976-02-01,,,
1976-03-01,,,
1976-04-01,,,
1976-05-01,,,
1976-06-01,,,
1976-07-01,,,
1976-08-01,,,
1976-09-01,,,
1976-10-01,,,
1976-11-01,,,
1976-12-01,,,
1977-01-01,,,
1977-02-01,,,
1977-03-01,,,
1977-04-01,,,
1977-05-01,,,
1977-06-01,,,
1977-07-01,,,
1977-08-01,,,
1977-09-01,,,
1977-10-01,,,
1977-11-01,,,
1977-12-01,,,
1978-01-01,,,
1978-02-01,,,
1978-03-01,,,
1978-04-01,,,
1978-05-01,,,
1978-06-01,,,
1978-07-01,,,
1978-08-01,,,
1978-09-01,,,
1978-10-01,,,
1978-11-01,,,
1978-12-01,,,
1979-01-01,,,
1979-02-01,,,
1979-03-01,,,
1979-04-01,,,
1979-05-01,,,
1979-06-01,,,
1979-07-01,,,
1979-08-01,,,
1979-09-01,,,
1979-10-01,,,
1979-11-01,,,
1979-12-01,,,
1980-01-01,,,
1980-02-01,,,
1980-03-01,,,
1980-04-01,,,
1980-05-01,,,
1980-06-01,,,
1980-07-01,,,
1980-08-01,,,
1980-09-01,,,
1980-10-01,,,
1980-11-01,,,
1980-12-01,,,
1981-01-01,,,
1981-02-01,,,
1981-03-01,,,
1981-04-01,,,
1981-05-01,,,
1981-06-01,,,
1981-07-01,,,
1981-08-01,,,
1981-09-01,,,
1981-10-01,,,
1981-11-01,,,
1981-12-01,,,
1982-01-01,,,
1982-02-01,,,
1982-03-01,,,
1982-04-01,,,
1982-05-01,,,
1982-06-01,,,
1982-07-01,,,
1982-08-01,,,
1982-09-01,,,
1982-10-01,,,
1982-11-01,,,
1982-12-01,,,
1983-01-01,,,
1983-02-01,,,
1983-03-01,,,
1983-04-01,,,
1983-05-01,,,
1983-06-01,,,
1983-07-01,,,
1983-08-01,,,
1983-09-01,,,
1983-10-01,,,
1983-11-01,,,
1983-12-01,,,
1984-01-01,,,
1984-02-01,,,
1984-03-01,,,
1984-04-01,,,
1984-05-01,,,
1984-06-01,,,
1984-07-01,,,
1984-08-01,,,
1984-09-01,,,
1984-10-01,,,
1984-11-01,,,
1984-12-01,,,
1985-01-01,102.17338,107.57417,89.64749
1985-02-01,117.10202,126.442726,96.60167
1985-03-01,124.77815,127.070854,116.987274
1985-04-01,87.929,94.6402,73.7578
1985-05-01,103.26285,111.15978,92.276726
1985-06-01,148.78282,134.65671,174.14375
1985-07-01,133.90543,126.30108,149.54236
1985-08-01,82.7841,75.26384,84.87953
1985-09-01,102.434494,101.5695,92.48631
1985-10-01,105.99191,91.34221,118.73129
1985-11-01,94.84818,98.25838,80.12214
1985-12-01,96.421165,80.304565,111.21063
1986-01-01,135.36075,137.66832,166.02263
1986-02-01,98.75003,84.02118,114.815605
1986-03-01,98.676674,85.12946,117.561165
1986-04-01,148.31386,142.4934,182.87279
1986-05-01,117.389244,126.68499,114.20221
1986-06-01,96.29425,106.943344,80.06582
1986-07-01,94.70179,99.80805,83.97532
1986-08-01,103.34594,104.75927,99.8452
1986-09-01,117.10789,106.359024,126.74608
1986-10-01,96.792435,109.01692,77.40582
1986-11-01,109.77282,124.65135,89.47163
1986-12-01,89.75378,93.463776,78.1025
1987-01-01,96.94282,90.49551,104.48915
1987-02-01,100.68335,109.72403,89.29598
1987-03-01,89.60772,105.551254,67.09355
1987-04-01,113.39408,117.12814,99.12646
1987-05-01,98.65092,97.37141,95.23518
1987-06-01,94.1824,99.829254,81.82941
1987-07-01,98.87196,107.528946,88.26482
1987-08-01,99.968445,115.480316,87.60133
1987-09-01,121.167076,143.45198,97.53982
1987-10-01,101.058586,110.70102,88.82691
1987-11-01,96.15349,110.7995,75.88374
1987-12-01,109.856384,124.49729,88.26872
1988-01-01,83.20153,87.14092,72.89558
1988-02-01,86.20615,90.189255,73.8231
1988-03-01,110.20651,105.94202,109.30102
1988-04-01,119.450516,113.936386,128.48338
1988-05-01,104.873474,106.548836,97.154175
1988-06-01,79.70812,74.01183,81.07644
1988-07-01,83.43048,70.79204,96.274185
1988-08-01,84.05416,73.71107,93.28092
1988-09-01,74.84266,72.93438,74.34778
1988-10-01,73.45023,71.80867,65.830246
1988-11-01,68.798416,55.859085,77.55838
1988-12-01,90.39872,82.27974,94.384125
1989-01-01,89.24659,89.09522,82.81503
1989-02-01,91.61855,88.43747,91.77457
1989-03-01,87.73377,79.90111,93.086624
1989-04-01,83.579094,77.83439,84.563286
1989-05-01,103.82851,116.750534,80.26698
1989-06-01,89.461555,97.67895,68.48663
1989-07-01,84.753105,84.32604,78.8325
1989-08-01,109.17729,115.95725,115.18624
1989-09-01,85.545845,79.41958,88.94374
1989-10-01,69.52467,68.15611,64.535484
1989-11-01,92.82871,71.74973,112.52257
1989-12-01,112.55353,101.52502,128.65443
1990-01-01,81.544044,76.01142,80.726074
1990-02-01,77.40721,81.10881,65.38904
1990-03-01,67.59194,68.18672,59.72286
1990-04-01,81.643845,97.97655,54.79267
1990-05-01,86.40712,97.816574,66.84378
1990-06-01,79.68111,72.84642,80.65288
1990-07-01,85.78743,82.369255,81.84714
1990-08-01,250.45108,353.76312,128.2502
1990-09-01,188.66054,262.12363,106.95481
1990-10-01,143.85257,172.94637,105.10759
1990-11-01,158.74355,201.18106,115.40346
1990-12-01,153.16243,194.64853,103.18326
1991-01-01,379.2498,360.0328,479.71585
1991-02-01,339.35803,253.79163,490.27374
1991-03-01,148.61832,133.98248,171.39545
1991-04-01,97.76001,100.77496,88.50555
1991-05-01,88.56902,95.45739,79.06769
1991-06-01,87.73383,99.79885,69.48859
1991-07-01,115.18468,144.65106,84.7312
1991-08-01,113.495026,133.41467,87.34529
1991-09-01,117.94219,154.14365,74.79664
1991-10-01,100.83181,122.64443,77.95648
1991-11-01,100.74233,120.33022,77.58206
1991-12-01,103.969536,135.23251,58.747433
1992-01-01,102.957634,126.15647,69.45668
1992-02-01,87.20347,101.09597,62.860504
1992-03-01,85.29732,107.12957,53.69252
1992-04-01,85.85562,92.6412,74.40125
1992-05-01,78.96815,93.08229,56.43539
1992-06-01,93.84909,124.336136,49.730015
1992-07-01,75.19677,92.42886,51.64294
1992-08-01,81.645195,87.55679,70.15952
1992-09-01,74.60972,92.68926,45.738724
1992-10-01,68.18278,71.33626,58.99306
1992-11-01,91.008995,109.622925,68.55691
1992-12-01,83.42097,97.29404,60.88547
1993-01-01,128.91808,144.89354,114.827774
1993-02-01,90.46806,105.261,64.637405
1993-03-01,94.24145,99.91467,80.28809
1993-04-01,112.721664,144.03902,72.71391
1993-05-01,110.72975,137.38629,77.883865
1993-06-01,104.19525,125.46405,73.332115
1993-07-01,123.31479,131.7584,107.08215
1993-08-01,97.24168,97.085625,94.73557
1993-09-01,89.16478,97.4566,76.93018
1993-10-01,106.16591,130.30681,65.22377
1993-11-01,83.48018,105.13096,51.355938
1993-12-01,79.551796,97.06568,50.134674
1994-01-01,83.489975,93.091835,65.270424
1994-02-01,117.242065,148.14723,76.488106
1994-03-01,93.47404,98.56235,79.41953
1994-04-01,95.35697,116.44586,68.70894
1994-05-01,104.46679,122.9767,73.906204
1994-06-01,120.35224,148.29607,79.94985
1994-07-01,99.640236,115.40326,75.47088
1994-08-01,98.22703,122.92201,66.64015
1994-09-01,98.89848,131.31796,51.33683
1994-10-01,94.85363,118.89934,64.50569
1994-11-01,86.52981,100.79308,70.68946
1994-12-01,96.0475,107.74174,81.6161
1995-01-01,80.15468,84.89914,70.47706
1995-02-01,76.87533,72.59407,77.145996
1995-03-01,82.244446,79.15904,79.87529
1995-04-01,99.19088,93.923035,99.14794
1995-05-01,87.84253,96.409195,79.34962
1995-06-01,104.60776,121.57905,85.12095
1995-07-01,107.64542,115.32477,100.19745
1995-08-01,106.934784,118.49734,100.767456
1995-09-01,71.20517,72.98402,68.81755
1995-10-01,67.7415,64.27781,69.12648
1995-11-01,76.333496,78.81262,69.86588
1995-12-01,65.67206,68.98202,55.3638
1996-01-01,75.634926,73.66008,79.682465
1996-02-01,80.42092,85.975975,69.15779
1996-03-01,82.14761,77.89101,84.088196
1996-04-01,84.82862,71.23197,98.64636
1996-05-01,65.53082,59.192993,68.71074
1996-06-01,69.088585,72.52593,61.670174
1996-07-01,80.64432,74.90694,85.272194
1996-08-01,81.687645,81.73374,85.69389
1996-09-01,88.196976,87.04829,92.839005
1996-10-01,55.58683,56.879757,49.544357
1996-11-01,57.344612,58.057617,51.03842
1996-12-01,74.982635,80.17863,66.17648
1997-01-01,54.062435,53.257828,55.227325
1997-02-01,50.55994,54.501366,43.50916
1997-03-01,58.48006,56.3663,59.90732
1997-04-01,62.844486,62.376057,61.280483
1997-05-01,53.576015,53.544285,49.5729
1997-06-01,39.045624,36.685635,38.63948
1997-07-01,47.698425,47.42841,43.43375
1997-08-01,48.5823,46.308628,49.425003
1997-09-01,42.689087,41.639343,41.087933
1997-10-01,49.746307,58.68946,34.460205
1997-11-01,59.69337,79.03631,32.765533
1997-12-01,43.99827,48.36233,35.839134
1998-01-01,53.096302,59.82127,42.487816
1998-02-01,77.59762,101.84083,45.36802
1998-03-01,57.248062,65.502,44.516712
1998-04-01,50.996582,58.767384,38.00285
1998-05-01,94.47349,129.79889,43.802757
1998-06-01,76.309074,94.95468,48.778854
1998-07-01,54.048416,64.22628,38.299324
1998-08-01,97.02086,83.93855,123.838745
1998-09-01,62.513443,68.47695,55.129616
1998-10-01,54.40365,57.895927,48.27804
1998-11-01,67.96593,88.07134,38.602264
1998-12-01,75.95989,86.280396,64.999756
1999-01-01,63.987225,69.46121,53.77272
1999-02-01,58.316383,67.284,44.17395
1999-03-01,83.39728,89.73836,75.18808
1999-04-01,106.19801,112.34139,103.233376
1999-05-01,85.44113,89.37756,80.67142
1999-06-01,79.410545,75.96135,83.76152
1999-07-01,62.14287,66.83729,54.257927
1999-08-01,62.858643,65.26211,57.95999
1999-09-01,69.58151,75.54266,62.214027
1999-10-01,72.353485,79.38411,60.161953
1999-11-01,57.963867,60.386982,52.497967
1999-12-01,86.08494,95.510826,86.469734
2000-01-01,64.45781,65.5736,64.25041
2000-02-01,63.54172,57.65136,68.08217
2000-03-01,50.101986,55.030735,40.816406
2000-04-01,48.68274,53.304905,40.917027
2000-05-01,79.48288,77.2697,83.22781
2000-06-01,64.71782,73.57467,53.1744
2000-07-01,51.904022,57.316975,41.05908
2000-08-01,46.492256,49.19229,41.585922
2000-09-01,52.69,64.44499,35.192142
2000-10-01,76.45653,82.3876,77.610146
2000-11-01,45.060562,44.35769,47.20681
2000-12-01,45.3951,46.16898,43.983353
2001-01-01,46.899555,53.70236,38.34332
2001-02-01,55.08771,63.68989,45.426674
2001-03-01,61.708954,66.72218,56.86699
2001-04-01,50.568737,52.77367,47.1722
2001-05-01,60.37686,61.344994,56.86419
2001-06-01,72.06434,79.3131,64.21448
2001-07-01,61.07294,65.49278,52.61877
2001-08-01,64.107735,55.232075,74.892204
2001-09-01,498.6479,260.16962,841.1775
2001-10-01,512.5297,261.3474,854.07495
2001-11-01,306.7859,149.79523,509.74612
2001-12-01,236.09975,126.19801,381.9725
2002-01-01,172.4772,106.91624,262.28702
2002-02-01,146.18571,95.78031,212.9055
2002-03-01,151.97636,99.123344,219.96884
2002-04-01,157.49655,100.744446,225.64035
2002-05-01,163.32231,142.24683,209.40878
2002-06-01,149.33043,127.79075,189.12349
2002-07-01,122.77834,94.34968,168.41974
2002-08-01,127.064514,101.69574,157.46445
2002-09-01,174.90334,174.53145,188.7192
2002-10-01,172.03192,167.02582,197.39906
2002-11-01,159.1276,155.01375,179.06284
2002-12-01,175.81172,182.99956,175.19843
2003-01-01,206.4346,245.81755,176.95985
2003-02-01,239.61093,296.7598,213.08032
2003-03-01,358.71118,362.41107,429.1442
2003-04-01,255.77518,212.60545,331.60324
2003-05-01,162.12187,153.39629,186.84636
2003-06-01,145.76973,127.833534,176.91827
2003-07-01,134.89891,108.3928,167.44865
2003-08-01,138.23093,109.649055,180.00012
2003-09-01,118.19628,99.72047,143.55717
2003-10-01,108.31738,93.02833,129.94328
2003-11-01,118.08669,93.33159,153.24634
2003-12-01,129.46507,107.44404,164.98053
2004-01-01,113.46759,106.71729,126.08519
2004-02-01,115.07597,104.11482,129.24428
2004-03-01,138.53207,109.12394,183.70297
2004-04-01,149.6314,121.146225,205.3252
2004-05-01,121.09119,91.96539,159.94843
2004-06-01,137.23392,106.79374,178.03662
2004-07-01,131.01985,121.26778,159.8122
2004-08-01,140.36583,127.445244,176.45432
2004-09-01,153.87161,130.20607,189.35522
2004-10-01,119.86279,100.50788,148.24448
2004-11-01,122.70739,98.92665,151.67926
2004-12-01,109.895226,81.604774,145.22534
2005-01-01,100.88759,78.19856,128.53487
2005-02-01,108.97797,104.77036,108.79598
2005-03-01,90.410484,87.22633,87.87674
2005-04-01,87.0324,72.53263,102.85391
2005-05-01,98.20596,89.93269,104.90989
2005-06-01,81.124054,69.8825,93.41753
2005-07-01,165.90192,118.18357,237.56502
2005-08-01,116.22766,92.683075,143.29123
2005-09-01,103.80766,78.4567,130.27203
2005-10-01,87.06183,73.18765,105.56188
2005-11-01,83.480095,70.60446,96.02959
2005-12-01,95.35025,69.64461,130.67891
2006-01-01,94.51002,89.32347,100.19158
2006-02-01,95.85819,89.40576,102.798645
2006-03-01,92.79762,88.04223,97.036026
2006-04-01,89.0158,85.91101,92.83071
2006-05-01,85.20878,84.03313,82.27743
2006-06-01,102.57277,90.38454,115.679474
2006-07-01,137.13483,134.39635,142.08606
2006-08-01,147.08112,141.55646,159.18817
2006-09-01,111.72426,110.28041,114.77067
2006-10-01,113.1353,125.29189,99.27392
2006-11-01,88.77892,87.27577,86.71051
2006-12-01,90.60656,95.78138,78.76965
2007-01-01,97.920044,95.61345,97.65374
2007-02-01,96.16936,98.15574,90.95567
2007-03-01,87.3365,86.15212,83.9186
2007-04-01,76.61338,69.22552,83.41928
2007-05-01,92.59959,82.30323,103.892586
2007-06-01,97.97231,87.0806,109.30941
2007-07-01,112.34625,103.263405,127.13468
2007-08-01,83.1732,73.12574,100.148254
2007-09-01,94.48887,94.93998,92.248726
2007-10-01,101.473015,103.61027,97.49516
2007-11-01,89.79545,95.73848,81.56843
2007-12-01,94.96749,98.53137,84.13077
2008-01-01,81.499825,76.402374,83.74764
2008-02-01,80.751465,72.52851,86.75279
2008-03-01,77.63614,72.02968,83.48439
2008-04-01,71.90481,69.45797,69.992744
2008-05-01,72.5738,70.67775,74.78979
2008-06-01,87.54842,88.88606,80.3449
2008-07-01,89.73957,84.32249,88.16068
2008-08-01,88.55411,75.769714,105.06571
2008-09-01,88.54256,82.01427,94.461006
2008-10-01,64.1598,53.11739,75.28266
2008-11-01,79.08097,68.30365,95.14356
2008-12-01,92.36643,83.84313,109.21497
2009-01-01,85.36948,86.31317,89.71255
2009-02-01,67.452675,64.77291,64.58636
2009-03-01,72.64462,69.17711,74.83298
2009-04-01,85.6885,84.48537,83.981285
2009-05-01,89.68086,86.637024,92.64315
2009-06-01,81.10959,80.80082,74.59133
2009-07-01,83.43962,82.10675,80.12088
2009-08-01,73.37188,64.709175,78.04385
2009-09-01,92.83999,97.49292,77.784645
2009-10-01,90.5764,88.22991,90.42515
2009-11-01,82.10176,74.315384,85.00979
2009-12-01,92.946915,89.343346,95.87137
2010-01-01,91.581024,84.97299,100.41094
2010-02-01,80.72536,78.846275,80.71174
2010-03-01,74.11694,73.49691,70.039345
2010-04-01,88.76158,92.056915,81.2684
2010-05-01,88.95871,87.49411,85.85739
2010-06-01,96.4537,110.69172,70.988625
2010-07-01,79.38138,75.18538,84.04823
2010-08-01,80.993866,71.95153,85.982574
2010-09-01,71.16855,68.94754,69.29395
2010-10-01,65.991936,62.09618,76.168915
2010-11-01,94.70517,98.68915,83.2665
2010-12-01,97.203896,100.39768,91.76211
2011-01-01,79.421616,76.59357,78.806984
2011-02-01,90.01449,90.18934,85.48683
2011-03-01,136.8883,126.96573,157.47984
2011-04-01,91.01777,72.92318,111.94474
2011-05-01,105.34492,95.50664,123.8261
2011-06-01,84.391846,71.39113,98.27276
2011-07-01,78.92476,59.019047,102.111755
2011-08-01,86.95157,63.504677,112.49906
2011-09-01,83.35045,70.60669,95.26744
2011-10-01,76.339935,64.185104,92.343315
2011-11-01,83.15768,95.57453,70.11004
2011-12-01,85.341324,88.89408,77.47648
2012-01-01,79.63497,93.6096,62.06843
2012-02-01,92.44582,104.2075,78.59986
2012-03-01,88.75998,87.85648,85.85699
2012-04-01,96.016685,101.920784,86.38437
2012-05-01,78.17116,80.63489,69.743546
2012-06-01,77.82243,70.23216,82.174736
2012-07-01,82.80802,79.336266,91.0008
2012-08-01,74.87836,70.98916,78.11162
2012-09-01,69.28051,68.402824,65.87126
2012-10-01,81.663666,74.20601,88.0309
2012-11-01,81.38964,75.65846,89.048416
2012-12-01,74.83156,66.240524,82.978615
2013-01-01,90.65749,84.13989,108.94932
2013-02-01,81.59033,77.605316,85.65817
2013-03-01,75.89672,81.891754,69.39681
2013-04-01,95.10787,99.52195,87.472755
2013-05-01,83.717316,75.32922,98.22759
2013-06-01,82.97301,78.821884,86.6342
2013-07-01,73.975815,71.55719,72.67587
2013-08-01,90.95675,80.73958,106.97909
2013-09-01,100.45933,100.38423,100.16348
2013-10-01,72.95312,65.50166,78.73003
2013-11-01,77.77902,92.49888,52.43838
2013-12-01,70.37249,70.09461,66.790726
2014-01-01,77.91597,70.48077,83.1459
2014-02-01,69.003525,73.278656,59.086555
2014-03-01,119.838554,151.67477,74.06189
2014-04-01,93.22154,113.13993,60.9063
2014-05-01,83.428856,91.69875,76.15044
2014-06-01,98.767105,95.32297,107.182014
2014-07-01,138.75395,162.7151,118.54684
2014-08-01,136.44559,158.59349,112.11449
2014-09-01,131.55666,143.39539,120.78192
2014-10-01,83.661,86.33345,77.19393
2014-11-01,84.38005,88.46994,76.33753
2014-12-01,86.52622,81.273224,96.237366
2015-01-01,111.985695,83.50391,153.33984
2015-02-01,111.9247,118.225204,107.790535
2015-03-01,104.23527,117.48873,83.63285
2015-04-01,102.19049,110.18873,95.08646
2015-05-01,76.26233,77.66873,72.861885
2015-06-01,85.90597,81.066086,88.78943
2015-07-01,106.80866,120.84297,86.168816
2015-08-01,82.47853,85.33859,74.0283
2015-09-01,98.767456,115.885185,79.34535
2015-10-01,91.931885,79.72632,108.51442
2015-11-01,150.71588,113.04398,213.99352
2015-12-01,148.23688,115.224365,204.63127
2016-01-01,118.21114,124.23914,109.5291
2016-02-01,103.74965,91.32202,117.582016
2016-03-01,109.72029,98.02693,127.76814
2016-04-01,85.22145,80.82244,93.122986
2016-05-01,88.33242,84.461365,93.639656
2016-06-01,90.16813,80.51286,100.857376
2016-07-01,114.61045,97.098045,145.14874
2016-08-01,98.73849,82.44047,121.4537
2016-09-01,104.54523,95.48959,121.1505
2016-10-01,85.74779,79.64809,100.30768
2016-11-01,82.918755,81.22565,83.97506
2016-12-01,102.180466,93.93662,113.97946
2017-01-01,105.20123,108.277,103.17117
2017-02-01,114.20636,125.66468,97.1516
2017-03-01,96.63588,95.838425,95.674545
2017-04-01,119.45992,127.44655,108.06884
2017-05-01,102.57996,102.35461,99.7048
2017-06-01,126.78902,113.168465,146.67166
2017-07-01,102.81346,125.599205,71.955055
2017-08-01,138.53162,160.0231,108.43595
2017-09-01,115.53445,142.1449,84.09627
2017-10-01,91.46157,109.230606,69.157
2017-11-01,92.596016,103.94398,80.115875
2017-12-01,82.718254,95.90845,62.65748
2018-01-01,92.42679,107.64432,75.66629
2018-02-01,64.49137,74.68311,52.0022
2018-03-01,111.962296,146.92708,64.55759
2018-04-01,123.26347,146.39566,94.305855
2018-05-01,125.66662,172.2167,63.217903
2018-06-01,103.96859,137.02446,56.640434
2018-07-01,110.02843,129.10234,84.40847
2018-08-01,112.741684,145.11407,68.57559
2018-09-01,75.05391,88.62364,51.163918
2018-10-01,92.01648,115.21215,61.150475
2018-11-01,80.407585,105.166855,47.40217
2018-12-01,90.607666,106.0627,66.24093
2019-01-01,87.4241,112.98045,55.73351
2019-02-01,96.80016,127.85742,57.5117
2019-03-01,82.32829,90.7896,66.641205
2019-04-01,79.25345,95.4554,57.51553
2019-05-01,106.4719,134.97252,64.66344
2019-06-01,106.588455,142.65349,53.42064
2019-07-01,93.521255,126.93078,47.418858
2019-08-01,103.40442,124.72542,70.09744
2019-09-01,90.36799,110.87095,67.810234
2019-10-01,97.83673,121.31104,69.96658
2019-11-01,73.078384,84.5873,53.03253
2019-12-01,74.27989,80.11077,63.331352
2020-01-01,138.42094,190.84436,81.65094
2020-02-01,75.95556,87.16245,56.68605
2020-03-01,81.54003,97.09007,62.90299
2020-04-01,69.3394,81.760826,47.591232
2020-05-01,68.50722,83.35546,42.29556
2020-06-01,71.22786,85.86661,49.760887
2020-07-01,66.47328,88.737976,36.252083
2020-08-01,65.46605,90.00912,28.454628
2020-09-01,80.37738,101.257645,49.51808
2020-10-01,76.08317,97.65258,42.681442
2020-11-01,70.06747,79.036446,62.313946
2020-12-01,64.06729,86.81528,31.744429
2021-01-01,77.4187,98.475624,48.287487
2021-02-01,73.9568,94.48356,46.32678
2021-03-01,78.61877,100.85202,49.41804
2021-04-01,88.16622,109.58696,67.873795
2021-05-01,93.00713,120.78284,52.626114
2021-06-01,74.12712,92.54655,46.34864
2021-07-01,58.42077,64.036316,50.71583
2021-08-01,89.48655,103.20159,76.48286
2021-09-01,80.69697,92.04732,67.94028
2021-10-01,79.029236,93.80803,61.149113
2021-11-01,86.569145,121.50095,39.74269
2021-12-01,105.34542,155.31026,47.654934
2022-01-01,138.67499,199.48752,63.25153
2022-02-01,216.15901,320.60587,105.21831
2022-03-01,318.95493,403.71362,250.95586
2022-04-01,191.1431,221.91055,184.41782
2022-05-01,142.25848,166.42456,140.13734
2022-06-01,130.70732,160.72696,114.81469
2022-07-01,117.176765,141.24294,97.83873
2022-08-01,132.86322,159.38303,111.15858
2022-09-01,131.98587,170.3118,108.628075
2022-10-01,143.16241,185.2843,112.675026
2022-11-01,116.716286,143.04655,98.68261
2022-12-01,111.19594,119.13853,109.77222
2023-01-01,104.267044,113.021355,94.62994
2023-02-01,120.99438,147.05016,103.028755
2023-03-01,105.379974,125.085846,86.75404
2023-04-01,106.809654,118.166824,93.24841
2023-05-01,108.46768,122.471504,92.75944
2023-06-01,110.528946,129.40652,95.27891
2023-07-01,107.448784,123.80915,91.768005
2023-08-01,101.14118,117.609436,83.60505
2023-09-01,98.63481,125.651794,68.46592
2023-10-01,197.88701,205.04005,221.80394
2023-11-01,156.69614,143.49435,189.5544
2023-12-01,142.27946,136.17839,173.9638
2024-01-01,160.37366,140.83609,208.47115
2024-02-01,146.59818,140.24467,171.18118
2024-03-01,133.21317,121.53968,151.814
2024-04-01,163.94734,170.698,165.99069
2024-05-01,130.52187,131.44713,133.1543
2024-06-01,113.0928,125.71303,109.73841
2024-07-01,92.394875,95.16028,95.1103
2024-08-01,140.97507,124.804985,165.17947
2024-09-01,130.35878,134.03705,135.55461
2024-10-01,130.68921,128.4097,142.81839
2024-11-01,128.90164,139.14867,127.42887
2024-12-01,142.36644,128.26247,164.81374
2025-01-01,112.32622,115.36154,109.841576
2025-02-01,136.42638,137.7692,140.01302
2025-03-01,172.6538,191.86282,157.95233
2025-04-01,140.92534,159.43155,131.7958
2025-05-01,164.20845,201.01245,146.36984
2025-06-01,221.69994,286.82584,181.29538
2025-07-01,134.31622,157.33487,118.82093
2025-08-01,136.24306,157.75293,119.10293
2025-09-01,122.893425,138.33182,114.161606
2025-10-01,154.43558,168.79913,149.26189
2025-11-01,104.41127,118.65498,88.92647
2025-12-01,130.88766,144.22339,122.13292
2026-01-01,167.66821,219.08925,99.685295
2026-02-01,116.70409,149.56555,84.0234
